,Unnamed: 0,Unnamed: 0.1,Unnamed: 0.1.1,dien_tich,huong_ban_cong,phong_ngu,id_thanh_pho,ten_thanh_pho,id_quan,ten_quan,so_tang,mat_tien,noi_that,huong_nha,so_do,lat,long,gia,gia_m2,du_an,project_name,id_duong,ten_duong,do_rong_duong,do_rong_duong_ml,id_phuong,ten_phuong
0,0,32575,32575,46.0,,,5e5501caeb80a7245175dddb,Thành phố Hà Nội,5e5501caeb80a7245175de2c,Quận Đống Đa,7.0,5.0,,KXĐ,0,21.009967,105.823136,18500.0,402.1739130434783,,,5e958eea208d0d6d7648fdd0,23,30.0,Mặt phố - Mặt đường,,
1,3,32809,32809,85.0,,,5e5501caeb80a7245175dddb,Thành phố Hà Nội,5e5501caeb80a7245175de2c,Quận Đống Đa,5.0,4.0,,KXĐ,0,21.019366899999998,105.80743819999999,16000.0,188.2352941176471,,,5e958eea208d0d6d7648fdca,19,9.0,Mặt phố - Mặt đường,,
2,4,32848,32848,45.0,,,5e5501caeb80a7245175dddb,Thành phố Hà Nội,5e5501caeb80a7245175de2c,Quận Đống Đa,6.0,4.5,,KXĐ,0,21.017649,105.830046,12800.0,284.4444444444445,,,5e958eea208d0d6d7648fdc6,16,9.0,Mặt phố - Mặt đường,,
3,6,32910,32910,80.0,,,5e5501caeb80a7245175dddb,Thành phố Hà Nội,5e5501caeb80a7245175de2c,Quận Đống Đa,6.0,5.0,,KXĐ,0,21.017649,105.830046,22500.0,281.25,,,5e958eea208d0d6d7648fd8c,56,25.0,Mặt phố - Mặt đường,,
4,7,32911,32911,68.0,,,5e5501caeb80a7245175dddb,Thành phố Hà Nội,5e5501caeb80a7245175de2c,Quận Đống Đa,7.0,4.2,,KXĐ,0,21.017649,105.830046,20000.0,294.11764705882354,,,5e958eea208d0d6d7648fd9f,71,15.0,Mặt phố - Mặt đường,,
5,9,32988,32988,60.0,,,5e5501caeb80a7245175dddb,Thành phố Hà Nội,5e5501caeb80a7245175de2c,Quận Đống Đa,7.0,8.0,,KXĐ,0,21.017649,105.830046,28000.0,466.66666666666674,,,5e958eea208d0d6d7648fd84,51,25.0,Mặt phố - Mặt đường,5e5501cbeb80a7245175e129,Phường Nam Đồng
6,12,33089,33089,99.0,,,5e5501caeb80a7245175dddb,Thành phố Hà Nội,5e5501caeb80a7245175de2c,Quận Đống Đa,6.0,7.0,,KXĐ,0,21.017649,105.830046,29000.0,292.92929292929296,,,5e958eea208d0d6d7648fdbc,6,10.0,Mặt phố - Mặt đường,,
7,21,33129,33129,59.0,,,5e5501caeb80a7245175dddb,Thành phố Hà Nội,5e5501caeb80a7245175de2c,Quận Đống Đa,6.0,4.2,,KXĐ,0,21.017649,105.830046,7600.0,128.8135593220339,,,5e958eea208d0d6d7648fdc0,13,3.0,Mặt phố - Mặt đường,,
8,22,33130,33130,71.0,,,5e5501caeb80a7245175dddb,Thành phố Hà Nội,5e5501caeb80a7245175de2c,Quận Đống Đa,7.0,5.0,,KXĐ,0,21.017649,105.830046,26500.0,373.23943661971833,,,5e958eea208d0d6d7648fdcc,21,45.0,Mặt phố - Mặt đường,,
9,25,33161,33161,63.0,,,5e5501caeb80a7245175dddb,Thành phố Hà Nội,5e5501caeb80a7245175de2c,Quận Đống Đa,4.0,5.3,,KXĐ,0,21.009967,105.823136,15500.0,246.031746031746,,,5e958eea208d0d6d7648fd97,76,60.0,Mặt phố - Mặt đường,,
10,26,33162,33162,53.0,,,5e5501caeb80a7245175dddb,Thành phố Hà Nội,5e5501caeb80a7245175de2c,Quận Đống Đa,7.0,5.0,,KXĐ,0,21.009967,105.823136,24500.0,462.2641509433962,,,5e958eea208d0d6d7648fd90,60,10.0,Mặt phố - Mặt đường,,
11,27,33182,33182,50.0,,,5e5501caeb80a7245175dddb,Thành phố Hà Nội,5e5501caeb80a7245175de2c,Quận Đống Đa,5.0,5.2,,Tây-Bắc,0,21.017649,105.830046,20500.0,410.0,,,5e958eea208d0d6d7648fd8a,52,20.0,Mặt phố - Mặt đường,,
12,28,33183,33183,85.0,,,5e5501caeb80a7245175dddb,Thành phố Hà Nội,5e5501caeb80a7245175de2c,Quận Đống Đa,8.0,7.0,,Tây-Nam,0,21.019366899999998,105.80743819999999,31500.0,370.5882352941177,,,5e958eea208d0d6d7648fd78,39,7.0,Mặt phố - Mặt đường,,
13,29,33200,33200,65.0,,,5e5501caeb80a7245175dddb,Thành phố Hà Nội,5e5501caeb80a7245175de2c,Quận Đống Đa,5.0,5.0,,KXĐ,0,21.017649,105.830046,27000.0,415.3846153846154,,,5e958eea208d0d6d7648fdbc,6,10.0,Mặt phố - Mặt đường,,
14,31,33229,33229,70.0,,,5e5501caeb80a7245175dddb,Thành phố Hà Nội,5e5501caeb80a7245175de2c,Quận Đống Đa,5.0,5.0,,KXĐ,0,21.0092227,105.8143864,15000.0,214.28571428571428,,,5e958eea208d0d6d7648fdd0,23,8.0,Mặt phố - Mặt đường,,
15,32,33230,33230,60.0,,,5e5501caeb80a7245175dddb,Thành phố Hà Nội,5e5501caeb80a7245175de2c,Quận Đống Đa,5.0,4.2,,KXĐ,0,21.017649,105.830046,28500.0,475.0,,,5e958eea208d0d6d7648fd66,34,20.0,Mặt phố - Mặt đường,5e5501cbeb80a7245175e11f,Phường Cát Linh
16,35,33233,33233,45.0,,,5e5501caeb80a7245175dddb,Thành phố Hà Nội,5e5501caeb80a7245175de2c,Quận Đống Đa,5.0,6.0,,KXĐ,0,21.0092227,105.8143864,11000.0,244.44444444444446,,,5e958eea208d0d6d7648fdd0,23,12.0,Mặt phố - Mặt đường,,
17,36,33234,33234,50.0,,,5e5501caeb80a7245175dddb,Thành phố Hà Nội,5e5501caeb80a7245175de2c,Quận Đống Đa,4.0,4.0,,KXĐ,0,21.0092227,105.8143864,9700.0,194.0,,,5e958eea208d0d6d7648fdd0,23,6.0,Mặt phố - Mặt đường,,
18,38,33236,33236,68.0,,,5e5501caeb80a7245175dddb,Thành phố Hà Nội,5e5501caeb80a7245175de2c,Quận Đống Đa,6.0,6.0,,KXĐ,0,21.0092227,105.8143864,15000.0,220.5882352941176,,,5e958eea208d0d6d7648fdd0,23,12.0,Mặt phố - Mặt đường,,
19,39,33237,33237,95.0,,,5e5501caeb80a7245175dddb,Thành phố Hà Nội,5e5501caeb80a7245175de2c,Quận Đống Đa,4.0,4.0,,,0,21.017649,105.830046,20900.0,220.0,,,5e958eea208d0d6d7648fdc1,11,10.0,Mặt phố - Mặt đường,5e5501cbeb80a7245175e127,Phường Khâm Thiên
20,40,33238,33238,75.0,,,5e5501caeb80a7245175dddb,Thành phố Hà Nội,5e5501caeb80a7245175de2c,Quận Đống Đa,8.0,5.1,,Đông Bắc,0,21.017649,105.830046,31000.0,413.33333333333326,,,5e958eea208d0d6d7648fdcf,27,21.0,Mặt phố - Mặt đường,,
21,41,33255,33255,50.0,,,5e5501caeb80a7245175dddb,Thành phố Hà Nội,5e5501caeb80a7245175de2c,Quận Đống Đa,3.0,6.0,,KXĐ,0,21.0092227,105.8143864,11000.0,220.0,,,5e958eea208d0d6d7648fd7d,46,30.0,Mặt phố - Mặt đường,,
22,44,33258,33258,62.0,,,5e5501caeb80a7245175dddb,Thành phố Hà Nội,5e5501caeb80a7245175de2c,Quận Đống Đa,4.0,4.5,,KXĐ,0,21.0092227,105.8143864,18600.0,300.0,,,5e958eea208d0d6d7648fdd1,24,12.0,Mặt phố - Mặt đường,,
23,46,33260,33260,78.0,,,5e5501caeb80a7245175dddb,Thành phố Hà Nội,5e5501caeb80a7245175de2c,Quận Đống Đa,5.0,5.1,,KXĐ,0,21.017649,105.830046,17500.0,224.35897435897442,,,5e958eea208d0d6d7648fdbc,6,10.0,Mặt phố - Mặt đường,,
24,47,33261,33261,64.0,,,5e5501caeb80a7245175dddb,Thành phố Hà Nội,5e5501caeb80a7245175de2c,Quận Đống Đa,4.0,5.3,,KXĐ,0,21.009967,105.823136,15500.0,242.1875,,,5e958eea208d0d6d7648fd97,76,60.0,Mặt phố - Mặt đường,,
25,48,33262,33262,50.0,,,5e5501caeb80a7245175dddb,Thành phố Hà Nội,5e5501caeb80a7245175de2c,Quận Đống Đa,5.0,4.0,,KXĐ,0,21.017649,105.830046,8500.0,170.0,,,5e958eea208d0d6d7648fdc0,13,6.0,Mặt phố - Mặt đường,,
26,56,33306,33306,78.0,,,5e5501caeb80a7245175dddb,Thành phố Hà Nội,5e5501caeb80a7245175de2c,Quận Đống Đa,5.0,5.1,,KXĐ,0,21.017649,105.830046,16900.0,216.66666666666663,,,5e958eea208d0d6d7648fdbc,6,9.0,Mặt phố - Mặt đường,,
27,57,33307,33307,160.0,,,5e5501caeb80a7245175dddb,Thành phố Hà Nội,5e5501caeb80a7245175de2c,Quận Đống Đa,6.0,5.5,,KXĐ,0,21.017649,105.830046,53000.0,331.25,,,5e958eea208d0d6d7648fdd6,30,50.0,Mặt phố - Mặt đường,,
28,60,33310,33310,30.0,,,5e5501caeb80a7245175dddb,Thành phố Hà Nội,5e5501caeb80a7245175de2c,Quận Đống Đa,6.0,4.0,,KXĐ,0,21.017649,105.830046,13000.0,433.33333333333326,,,5e958eea208d0d6d7648fdd6,30,20.0,Mặt phố - Mặt đường,,
29,70,33320,33320,80.0,,,5e5501caeb80a7245175dddb,Thành phố Hà Nội,5e5501caeb80a7245175de2c,Quận Đống Đa,4.0,4.0,,KXĐ,0,21.017649,105.830046,21500.0,268.75,,,5e958eea208d0d6d7648fdc1,11,10.0,Mặt phố - Mặt đường,5e5501cbeb80a7245175e127,Phường Khâm Thiên
30,79,33350,33350,80.0,,,5e5501caeb80a7245175dddb,Thành phố Hà Nội,5e5501caeb80a7245175de2c,Quận Đống Đa,3.0,4.5,,KXĐ,0,21.017649,105.830046,21000.0,262.5,,,5e958eea208d0d6d7648fd8f,59,9.0,Mặt phố - Mặt đường,,
31,81,33352,33352,68.0,,,5e5501caeb80a7245175dddb,Thành phố Hà Nội,5e5501caeb80a7245175de2c,Quận Đống Đa,6.0,5.0,,KXĐ,0,21.017649,105.830046,14000.0,205.88235294117646,,,5e958eea208d0d6d7648fd66,34,15.0,Mặt phố - Mặt đường,5e5501cbeb80a7245175e11f,Phường Cát Linh
32,82,33353,33353,75.0,,,5e5501caeb80a7245175dddb,Thành phố Hà Nội,5e5501caeb80a7245175de2c,Quận Đống Đa,9.0,7.2,,KXĐ,0,21.017649,105.830046,22000.0,293.3333333333333,,,5e958eea208d0d6d7648fdc8,18,9.0,Mặt phố - Mặt đường,,
33,85,33356,33356,79.0,,,5e5501caeb80a7245175dddb,Thành phố Hà Nội,5e5501caeb80a7245175de2c,Quận Đống Đa,6.0,4.2,,KXĐ,0,21.017649,105.830046,21800.0,275.9493670886076,,,5e958eea208d0d6d7648fdc1,11,22.0,Mặt phố - Mặt đường,5e5501cbeb80a7245175e127,Phường Khâm Thiên
34,87,33397,33397,100.0,,,5e5501caeb80a7245175dddb,Thành phố Hà Nội,5e5501caeb80a7245175de2c,Quận Đống Đa,9.0,4.5,,KXĐ,0,21.0092227,105.8143864,56000.0,560.0,,,5e958eea208d0d6d7648fdc4,14,60.0,Mặt phố - Mặt đường,5e5501cbeb80a7245175e126,Phường Láng Hạ
35,88,33398,33398,78.0,,,5e5501caeb80a7245175dddb,Thành phố Hà Nội,5e5501caeb80a7245175de2c,Quận Đống Đa,4.0,8.8,,Đông-Nam,0,21.019366899999998,105.80743819999999,23000.0,294.8717948717949,,,5e958eea208d0d6d7648fdb5,3,10.0,Mặt phố - Mặt đường,,
36,89,33399,33399,26.0,,,5e5501caeb80a7245175dddb,Thành phố Hà Nội,5e5501caeb80a7245175de2c,Quận Đống Đa,4.0,3.3,,KXĐ,0,21.0092227,105.8143864,7400.0,284.61538461538464,,,5e958eea208d0d6d7648fdd1,24,20.0,Mặt phố - Mặt đường,,
37,90,33400,33400,46.0,,,5e5501caeb80a7245175dddb,Thành phố Hà Nội,5e5501caeb80a7245175de2c,Quận Đống Đa,5.0,3.5,,KXĐ,0,21.0119555,105.8297784,16500.0,358.69565217391306,,,5e958eea208d0d6d7648fd76,42,10.0,Mặt phố - Mặt đường,,
38,91,33401,33401,115.0,,,5e5501caeb80a7245175dddb,Thành phố Hà Nội,5e5501caeb80a7245175de2c,Quận Đống Đa,8.0,4.5,,Đông-Nam,0,21.0092227,105.8143864,26500.0,230.43478260869568,,,5e958eea208d0d6d7648fdd3,25,10.0,Mặt phố - Mặt đường,5e5501cbeb80a7245175e12c,Phường Trung Liệt
39,92,33402,33402,100.0,,,5e5501caeb80a7245175dddb,Thành phố Hà Nội,5e5501caeb80a7245175de2c,Quận Đống Đa,2.0,5.0,,KXĐ,0,21.017649,105.830046,22500.0,225.0,,,5e958eea208d0d6d7648fd8c,56,20.0,Mặt phố - Mặt đường,,
40,94,33404,33404,50.0,,,5e5501caeb80a7245175dddb,Thành phố Hà Nội,5e5501caeb80a7245175de2c,Quận Đống Đa,4.0,5.6,,KXĐ,0,21.015337,105.824069,14600.0,292.0,,,5e958eea208d0d6d7648fda0,72,4.0,Mặt phố - Mặt đường,,
41,98,33439,33439,40.0,,,5e5501caeb80a7245175dddb,Thành phố Hà Nội,5e5501caeb80a7245175de2c,Quận Đống Đa,5.0,4.5,,KXĐ,0,21.017649,105.830046,12000.0,300.0,,,5e958eea208d0d6d7648fd80,49,30.0,Mặt phố - Mặt đường,,
42,99,33440,33440,160.0,,,5e5501caeb80a7245175dddb,Thành phố Hà Nội,5e5501caeb80a7245175de2c,Quận Đống Đa,5.0,6.0,,KXĐ,0,21.017649,105.830046,59000.0,368.75,,,5e958eea208d0d6d7648fdd6,30,30.0,Mặt phố - Mặt đường,,
44,102,33443,33443,140.0,,,5e5501caeb80a7245175dddb,Thành phố Hà Nội,5e5501caeb80a7245175de2c,Quận Đống Đa,7.0,7.0,,KXĐ,0,21.017649,105.830046,25000.0,178.5714285714286,,,5e958eea208d0d6d7648fdb7,32,20.0,Mặt phố - Mặt đường,,
45,103,33444,33444,32.0,,,5e5501caeb80a7245175dddb,Thành phố Hà Nội,5e5501caeb80a7245175de2c,Quận Đống Đa,6.0,3.6,,KXĐ,0,21.009967,105.823136,11400.0,356.25,,,5e958eea208d0d6d7648fd97,76,40.0,Mặt phố - Mặt đường,,
46,104,33445,33445,100.0,,,5e5501caeb80a7245175dddb,Thành phố Hà Nội,5e5501caeb80a7245175de2c,Quận Đống Đa,2.0,5.0,,KXĐ,0,21.017649,105.830046,22500.0,225.0,,,5e958eea208d0d6d7648fd91,82,10.0,Mặt phố - Mặt đường,5e5501cbeb80a7245175e123,Phường Ô Chợ Dừa
47,108,33468,33468,80.0,,,5e5501caeb80a7245175dddb,Thành phố Hà Nội,5e5501caeb80a7245175de2c,Quận Đống Đa,4.0,10.0,,KXĐ,0,21.017649,105.830046,17900.0,223.75,,,5e958eea208d0d6d7648fdbc,6,8.0,Mặt phố - Mặt đường,,
48,109,33469,33469,109.0,,,5e5501caeb80a7245175dddb,Thành phố Hà Nội,5e5501caeb80a7245175de2c,Quận Đống Đa,9.0,5.0,,KXĐ,0,21.017649,105.830046,21000.0,192.6605504587156,,,5e958eea208d0d6d7648fd6d,85,8.0,Mặt phố - Mặt đường,,
49,110,33470,33470,86.0,,,5e5501caeb80a7245175dddb,Thành phố Hà Nội,5e5501caeb80a7245175de2c,Quận Đống Đa,2.0,4.5,,Tây-Bắc,0,28.647889799999998,180.0,21000.0,244.18604651162792,,,5e958eea208d0d6d7648fd8c,56,12.0,Mặt phố - Mặt đường,,
50,111,33471,33471,35.0,,,5e5501caeb80a7245175dddb,Thành phố Hà Nội,5e5501caeb80a7245175de2c,Quận Đống Đa,5.0,4.6,,Tây-Bắc,0,21.017649,105.830046,12600.0,360.0,,,5e958eea208d0d6d7648fdc6,16,6.0,Mặt phố - Mặt đường,,
51,112,33472,33472,71.0,,,5e5501caeb80a7245175dddb,Thành phố Hà Nội,5e5501caeb80a7245175de2c,Quận Đống Đa,5.0,7.0,,KXĐ,0,21.019366899999998,105.80743819999999,29000.0,408.45070422535207,,,5e958eea208d0d6d7648fd89,53,15.0,Mặt phố - Mặt đường,,
52,113,33473,33473,100.0,,,5e5501caeb80a7245175dddb,Thành phố Hà Nội,5e5501caeb80a7245175de2c,Quận Đống Đa,6.0,4.0,,KXĐ,0,21.030986399999996,105.8205481,28000.0,280.0,,,5e958eea208d0d6d7648fdb9,5,15.0,Mặt phố - Mặt đường,,
53,114,33474,33474,100.0,,,5e5501caeb80a7245175dddb,Thành phố Hà Nội,5e5501caeb80a7245175de2c,Quận Đống Đa,2.0,4.5,,KXĐ,0,21.009967,105.823136,21500.0,215.0,,,5e958eea208d0d6d7648fdb4,2,15.0,Mặt phố - Mặt đường,,
54,120,33480,33480,80.0,,,5e5501caeb80a7245175dddb,Thành phố Hà Nội,5e5501caeb80a7245175de2c,Quận Đống Đa,2.0,5.1,,KXĐ,0,21.017649,105.830046,24900.0,311.25,,,5e958eea208d0d6d7648fdcf,27,40.0,Mặt phố - Mặt đường,,
55,127,33497,33497,36.0,,,5e5501caeb80a7245175dddb,Thành phố Hà Nội,5e5501caeb80a7245175de2c,Quận Đống Đa,5.0,5.0,,KXĐ,0,21.0092227,105.8143864,18600.0,516.6666666666666,,,5e958eea208d0d6d7648fdd0,23,50.0,Mặt phố - Mặt đường,,
56,159,33529,33529,90.0,,,5e5501caeb80a7245175dddb,Thành phố Hà Nội,5e5501caeb80a7245175de2c,Quận Đống Đa,4.0,4.5,,KXĐ,0,21.017649,105.830046,21900.0,243.33333333333331,,,5e958eea208d0d6d7648fd8c,56,10.0,Mặt phố - Mặt đường,,
57,160,33530,33530,75.0,,,5e5501caeb80a7245175dddb,Thành phố Hà Nội,5e5501caeb80a7245175de2c,Quận Đống Đa,7.0,4.0,,KXĐ,0,21.017649,105.830046,21800.0,290.6666666666667,,,5e958eea208d0d6d7648fdc1,11,50.0,Mặt phố - Mặt đường,5e5501cbeb80a7245175e127,Phường Khâm Thiên
58,164,33543,33543,35.0,,,5e5501caeb80a7245175dddb,Thành phố Hà Nội,5e5501caeb80a7245175de2c,Quận Đống Đa,5.0,4.7,,KXĐ,0,21.017649,105.830046,5900.0,168.57142857142858,,,5e958eea208d0d6d7648fdcf,27,5.0,Mặt phố - Mặt đường,,
59,167,33546,33546,150.0,,,5e5501caeb80a7245175dddb,Thành phố Hà Nội,5e5501caeb80a7245175de2c,Quận Đống Đa,5.0,6.6,,KXĐ,0,21.017649,105.830046,76500.0,510.0,,,5e958eea208d0d6d7648fdd6,30,22.0,Mặt phố - Mặt đường,,
60,169,33548,33548,60.0,,,5e5501caeb80a7245175dddb,Thành phố Hà Nội,5e5501caeb80a7245175de2c,Quận Đống Đa,5.0,4.0,,KXĐ,0,21.0092227,105.8143864,17500.0,291.6666666666667,,,5e958eea208d0d6d7648fdd0,23,20.0,Mặt phố - Mặt đường,,
61,170,33549,33549,65.0,,,5e5501caeb80a7245175dddb,Thành phố Hà Nội,5e5501caeb80a7245175de2c,Quận Đống Đa,7.0,4.5,,Đông-Nam,0,21.017649,105.830046,21000.0,323.07692307692315,,,5e958eea208d0d6d7648fd71,37,12.0,Mặt phố - Mặt đường,5e5501cbeb80a7245175e125,Phường Hàng Bột
62,171,33550,33550,57.0,,,5e5501caeb80a7245175dddb,Thành phố Hà Nội,5e5501caeb80a7245175de2c,Quận Đống Đa,8.0,5.2,,KXĐ,0,21.0092227,105.8143864,23000.0,383.33333333333326,,,5e958eea208d0d6d7648fd98,77,25.0,Mặt phố - Mặt đường,,
63,175,33554,33554,165.0,,4.0,5e5501caeb80a7245175dddb,Thành phố Hà Nội,5e5501caeb80a7245175de2c,Quận Đống Đa,6.0,4.0,,,0,21.028194600000006,105.8390746,34000.0,206.0606060606061,,,5e958eea208d0d6d7648fd8b,55,20.0,Mặt phố - Mặt đường,,
64,176,33555,33555,99.0,,7.0,5e5501caeb80a7245175dddb,Thành phố Hà Nội,5e5501caeb80a7245175de2c,Quận Đống Đa,6.0,7.0,,,0,21.0164891,105.8227091,29000.0,292.92929292929296,,,5e958eea208d0d6d7648fdbc,6,10.0,Mặt phố - Mặt đường,,
65,178,33557,33557,56.0,,,5e5501caeb80a7245175dddb,Thành phố Hà Nội,5e5501caeb80a7245175de2c,Quận Đống Đa,7.0,4.0,,KXĐ,0,21.0092227,105.8143864,17100.0,305.35714285714283,,,5e958eea208d0d6d7648fdae,81,7.0,Mặt phố - Mặt đường,,
66,222,33633,33633,50.0,,,5e5501caeb80a7245175dddb,Thành phố Hà Nội,5e5501caeb80a7245175de2c,Quận Đống Đa,5.0,5.0,,Tây-Bắc,0,21.0092227,105.8143864,20500.0,410.0,,,5e958eea208d0d6d7648fd8a,52,20.0,Mặt phố - Mặt đường,,
67,265,33676,33676,100.0,,,5e5501caeb80a7245175dddb,Thành phố Hà Nội,5e5501caeb80a7245175de2c,Quận Đống Đa,8.0,7.5,,KXĐ,0,21.0092227,105.8143864,20000.0,200.0,,,5e958eea208d0d6d7648fdd0,23,6.0,Mặt phố - Mặt đường,,
68,298,33709,33709,59.0,,,5e5501caeb80a7245175dddb,Thành phố Hà Nội,5e5501caeb80a7245175de2c,Quận Đống Đa,4.0,5.0,,KXĐ,0,21.0119555,105.8297784,25000.0,423.72881355932196,,,5e958eea208d0d6d7648fd76,42,15.0,Mặt phố - Mặt đường,,
69,299,33710,33710,50.0,,,5e5501caeb80a7245175dddb,Thành phố Hà Nội,5e5501caeb80a7245175de2c,Quận Đống Đa,5.0,3.6,,Nam,0,21.017649,105.830046,14600.0,292.0,,,5e958eea208d0d6d7648fdc6,16,10.0,Mặt phố - Mặt đường,,
70,372,33790,33790,78.0,,,5e5501caeb80a7245175dddb,Thành phố Hà Nội,5e5501caeb80a7245175de2c,Quận Đống Đa,4.0,8.0,,KXĐ,0,21.009967,105.823136,20500.0,262.8205128205128,,,5e958eea208d0d6d7648fda8,70,54.0,Mặt phố - Mặt đường,,
71,373,33791,33791,38.0,,,5e5501caeb80a7245175dddb,Thành phố Hà Nội,5e5501caeb80a7245175de2c,Quận Đống Đa,5.0,5.0,,KXĐ,0,21.0092227,105.8143864,18000.0,473.68421052631584,,,5e958eea208d0d6d7648fdd0,23,8.0,Mặt phố - Mặt đường,,
72,376,33794,33794,50.0,,,5e5501caeb80a7245175dddb,Thành phố Hà Nội,5e5501caeb80a7245175de2c,Quận Đống Đa,5.0,3.5,,KXĐ,0,21.017649,105.830046,14000.0,280.0,,,5e958eea208d0d6d7648fdc6,16,6.0,Mặt phố - Mặt đường,,
73,379,33797,33797,40.0,,,5e5501caeb80a7245175dddb,Thành phố Hà Nội,5e5501caeb80a7245175de2c,Quận Đống Đa,6.0,4.2,,KXĐ,0,21.009967,105.823136,13480.0,337.0,,,5e958eea208d0d6d7648fd97,76,20.0,Mặt phố - Mặt đường,,
74,380,33798,33798,36.0,,,5e5501caeb80a7245175dddb,Thành phố Hà Nội,5e5501caeb80a7245175de2c,Quận Đống Đa,4.0,4.2,,KXĐ,0,21.017649,105.830046,12500.0,347.22222222222223,,,5e958eea208d0d6d7648fdc1,11,13.0,Mặt phố - Mặt đường,5e5501cbeb80a7245175e127,Phường Khâm Thiên
75,399,33817,33817,30.0,,,5e5501caeb80a7245175dddb,Thành phố Hà Nội,5e5501caeb80a7245175de2c,Quận Đống Đa,6.0,4.5,,KXĐ,0,21.009967,105.823136,13500.0,450.0,,,5e958eea208d0d6d7648fd97,76,40.0,Mặt phố - Mặt đường,,
76,436,33854,33854,100.0,,,5e5501caeb80a7245175dddb,Thành phố Hà Nội,5e5501caeb80a7245175de2c,Quận Đống Đa,4.0,4.3,,KXĐ,0,21.017649,105.830046,24900.0,249.0,,,5e958eea208d0d6d7648fdc1,11,25.0,Mặt phố - Mặt đường,5e5501cbeb80a7245175e127,Phường Khâm Thiên
77,439,33857,33857,84.0,,,5e5501caeb80a7245175dddb,Thành phố Hà Nội,5e5501caeb80a7245175de2c,Quận Đống Đa,8.0,5.0,,KXĐ,0,21.0092227,105.8143864,14000.0,166.66666666666666,,,5e958eea208d0d6d7648fdd1,24,6.0,Mặt phố - Mặt đường,,
78,442,33860,33860,100.0,,,5e5501caeb80a7245175dddb,Thành phố Hà Nội,5e5501caeb80a7245175de2c,Quận Đống Đa,5.0,4.2,,KXĐ,0,21.0092227,105.8143864,52000.0,520.0,,,5e958eea208d0d6d7648fdc4,14,25.0,Mặt phố - Mặt đường,5e5501cbeb80a7245175e126,Phường Láng Hạ
79,470,33888,33888,42.0,,,5e5501caeb80a7245175dddb,Thành phố Hà Nội,5e5501caeb80a7245175de2c,Quận Đống Đa,5.0,3.4,,KXĐ,0,21.017649,105.830046,15500.0,369.0476190476191,,,5e958eea208d0d6d7648fdbc,6,12.0,Mặt phố - Mặt đường,,
80,471,33889,33889,80.0,,,5e5501caeb80a7245175dddb,Thành phố Hà Nội,5e5501caeb80a7245175de2c,Quận Đống Đa,7.0,4.5,,KXĐ,0,21.0161795,105.82860259999998,24500.0,306.25,,,5e958eea208d0d6d7648fd8c,56,24.0,Mặt phố - Mặt đường,,
81,472,33890,33890,80.0,,,5e5501caeb80a7245175dddb,Thành phố Hà Nội,5e5501caeb80a7245175de2c,Quận Đống Đa,2.0,5.2,,,0,21.017649,105.830046,26000.0,325.0,,,5e958eea208d0d6d7648fdcf,27,10.0,Mặt phố - Mặt đường,,
82,497,33927,33927,55.0,,,5e5501caeb80a7245175dddb,Thành phố Hà Nội,5e5501caeb80a7245175de2c,Quận Đống Đa,5.0,6.0,,KXĐ,0,21.017649,105.830046,18300.0,332.72727272727275,,,5e958eea208d0d6d7648fdab,79,30.0,Mặt phố - Mặt đường,,
83,503,33933,33933,80.0,,,5e5501caeb80a7245175dddb,Thành phố Hà Nội,5e5501caeb80a7245175de2c,Quận Đống Đa,6.0,4.0,,KXĐ,0,21.017649,105.830046,20000.0,250.0,,,5e958eea208d0d6d7648fdbb,9,15.0,Mặt phố - Mặt đường,,
84,504,33934,33934,60.0,,,5e5501caeb80a7245175dddb,Thành phố Hà Nội,5e5501caeb80a7245175de2c,Quận Đống Đa,4.0,4.3,,KXĐ,0,21.017649,105.830046,13980.0,233.0,,,5e958eea208d0d6d7648fd6e,83,6.0,Mặt phố - Mặt đường,,
85,505,33935,33935,50.0,,,5e5501caeb80a7245175dddb,Thành phố Hà Nội,5e5501caeb80a7245175de2c,Quận Đống Đa,5.0,3.5,,KXĐ,0,21.017649,105.830046,14000.0,280.0,,,5e958eea208d0d6d7648fdc6,16,5.0,Mặt phố - Mặt đường,,
86,506,33936,33936,63.0,,,5e5501caeb80a7245175dddb,Thành phố Hà Nội,5e5501caeb80a7245175de2c,Quận Đống Đa,1.0,3.5,,KXĐ,0,21.009967,105.823136,15500.0,246.031746031746,,,5e958eea208d0d6d7648fd97,76,10.0,Mặt phố - Mặt đường,,
88,622,34060,34060,80.0,,,5e5501caeb80a7245175dddb,Thành phố Hà Nội,5e5501caeb80a7245175de2c,Quận Đống Đa,2.0,4.5,,KXĐ,0,21.009967,105.823136,23500.0,293.75,,,,-1,30.0,Mặt phố - Mặt đường,5e5501cbeb80a7245175e12b,Phường Quang Trung
89,629,34067,34067,130.0,,,5e5501caeb80a7245175dddb,Thành phố Hà Nội,5e5501caeb80a7245175de2c,Quận Đống Đa,6.0,6.5,,KXĐ,0,21.009967,105.823136,65200.0,501.5384615384616,,,5e958eea208d0d6d7648fdb4,2,30.0,Mặt phố - Mặt đường,,
90,640,34078,34078,147.0,,,5e5501caeb80a7245175dddb,Thành phố Hà Nội,5e5501caeb80a7245175de2c,Quận Đống Đa,6.0,7.3,,KXĐ,0,21.009967,105.823136,74400.0,506.1224489795918,,,5e958eea208d0d6d7648fdb4,2,30.0,Mặt phố - Mặt đường,,
91,641,34079,34079,156.0,,,5e5501caeb80a7245175dddb,Thành phố Hà Nội,5e5501caeb80a7245175de2c,Quận Đống Đa,5.0,6.2,,KXĐ,0,21.009967,105.823136,70000.0,448.71794871794884,,,5e958eea208d0d6d7648fdb4,2,30.0,Mặt phố - Mặt đường,,
92,642,34080,34080,80.0,,,5e5501caeb80a7245175dddb,Thành phố Hà Nội,5e5501caeb80a7245175de2c,Quận Đống Đa,5.0,4.5,,KXĐ,0,21.017649,105.830046,35000.0,437.5,,,5e958eea208d0d6d7648fd92,64,20.0,Mặt phố - Mặt đường,,
93,643,34081,34081,80.0,,,5e5501caeb80a7245175dddb,Thành phố Hà Nội,5e5501caeb80a7245175de2c,Quận Đống Đa,4.0,4.0,,KXĐ,0,21.017649,105.830046,21500.0,268.75,,,5e958eea208d0d6d7648fdc1,11,7.0,Mặt phố - Mặt đường,5e5501cbeb80a7245175e127,Phường Khâm Thiên
94,644,34082,34082,130.0,,,5e5501caeb80a7245175dddb,Thành phố Hà Nội,5e5501caeb80a7245175de2c,Quận Đống Đa,8.0,6.2,,KXĐ,0,21.017649,105.830046,69000.0,530.7692307692306,,,5e958eea208d0d6d7648fd84,51,20.0,Mặt phố - Mặt đường,5e5501cbeb80a7245175e129,Phường Nam Đồng
95,645,34083,34083,31.0,,,5e5501caeb80a7245175dddb,Thành phố Hà Nội,5e5501caeb80a7245175de2c,Quận Đống Đa,3.0,3.5,,KXĐ,0,21.0092227,105.8143864,10500.0,338.7096774193548,,,5e958eea208d0d6d7648fdd1,24,20.0,Mặt phố - Mặt đường,,
96,646,34084,34084,130.0,,,5e5501caeb80a7245175dddb,Thành phố Hà Nội,5e5501caeb80a7245175de2c,Quận Đống Đa,6.0,6.5,,KXĐ,0,21.009967,105.823136,65200.0,501.5384615384616,,,5e958eea208d0d6d7648fdb4,2,30.0,Mặt phố - Mặt đường,,
97,647,34085,34085,147.0,,,5e5501caeb80a7245175dddb,Thành phố Hà Nội,5e5501caeb80a7245175de2c,Quận Đống Đa,6.0,7.3,,KXĐ,0,21.009967,105.823136,74400.0,506.1224489795918,,,5e958eea208d0d6d7648fdb4,2,30.0,Mặt phố - Mặt đường,,
98,648,34086,34086,156.0,,,5e5501caeb80a7245175dddb,Thành phố Hà Nội,5e5501caeb80a7245175de2c,Quận Đống Đa,5.0,6.2,,KXĐ,0,21.009967,105.823136,70000.0,448.71794871794884,,,5e958eea208d0d6d7648fdb4,2,30.0,Mặt phố - Mặt đường,,
99,649,34087,34087,80.0,,,5e5501caeb80a7245175dddb,Thành phố Hà Nội,5e5501caeb80a7245175de2c,Quận Đống Đa,2.0,4.5,,KXĐ,0,21.017649,105.830046,23500.0,293.75,,,5e958eea208d0d6d7648fd8c,56,30.0,Mặt phố - Mặt đường,,
101,845,34285,34285,45.0,,,5e5501caeb80a7245175dddb,Thành phố Hà Nội,5e5501caeb80a7245175de2c,Quận Đống Đa,4.0,8.8,,Bắc,0,21.019366899999998,105.80743819999999,24000.0,533.3333333333334,,,5e958eea208d0d6d7648fdb5,3,30.0,Mặt phố - Mặt đường,,
102,847,34287,34287,35.0,,,5e5501caeb80a7245175dddb,Thành phố Hà Nội,5e5501caeb80a7245175de2c,Quận Đống Đa,3.0,3.0,,KXĐ,0,21.017649,105.830046,7200.0,205.7142857142857,,,5e958eea208d0d6d7648fdcf,27,8.0,Mặt phố - Mặt đường,,
103,861,34301,34301,50.0,,,5e5501caeb80a7245175dddb,Thành phố Hà Nội,5e5501caeb80a7245175de2c,Quận Đống Đa,5.0,5.2,,Tây-Bắc,0,21.017649,105.830046,20500.0,410.0,,,5e958eea208d0d6d7648fd8a,52,20.0,Mặt phố - Mặt đường,,
104,876,34316,34316,134.0,,,5e5501caeb80a7245175dddb,Thành phố Hà Nội,5e5501caeb80a7245175de2c,Quận Đống Đa,7.0,6.5,,KXĐ,0,21.0092227,105.8143864,60300.0,450.0,,,5e958eea208d0d6d7648fdd0,23,30.0,Mặt phố - Mặt đường,,
105,880,34320,34320,128.0,,,5e5501caeb80a7245175dddb,Thành phố Hà Nội,5e5501caeb80a7245175de2c,Quận Đống Đa,9.0,8.0,,KXĐ,0,21.017649,105.830046,67000.0,523.4375,,,5e958eea208d0d6d7648fd84,51,30.0,Mặt phố - Mặt đường,5e5501cbeb80a7245175e129,Phường Nam Đồng
106,881,34321,34321,45.0,,,5e5501caeb80a7245175dddb,Thành phố Hà Nội,5e5501caeb80a7245175de2c,Quận Đống Đa,4.0,4.8,,KXĐ,0,21.017649,105.830046,17200.0,382.22222222222223,,,5e958eea208d0d6d7648fdb9,5,25.0,Mặt phố - Mặt đường,,
107,882,34322,34322,138.0,,,5e5501caeb80a7245175dddb,Thành phố Hà Nội,5e5501caeb80a7245175de2c,Quận Đống Đa,8.0,9.0,,KXĐ,0,21.017649,105.830046,68000.0,492.7536231884058,,,5e958eea208d0d6d7648fdd6,30,50.0,Mặt phố - Mặt đường,,
108,883,34323,34323,90.0,,,5e5501caeb80a7245175dddb,Thành phố Hà Nội,5e5501caeb80a7245175de2c,Quận Đống Đa,9.0,4.3,,KXĐ,0,21.017649,105.830046,55000.0,644.4444444444445,,,5e958eea208d0d6d7648fdb9,5,20.0,Mặt phố - Mặt đường,,
109,893,34333,34333,50.0,,,5e5501caeb80a7245175dddb,Thành phố Hà Nội,5e5501caeb80a7245175de2c,Quận Đống Đa,5.0,5.2,,Tây-Bắc,0,21.017649,105.830046,20500.0,410.0,,,5e958eea208d0d6d7648fd8a,52,20.0,Mặt phố - Mặt đường,,
110,905,34345,34345,100.0,,,5e5501caeb80a7245175dddb,Thành phố Hà Nội,5e5501caeb80a7245175de2c,Quận Đống Đa,6.0,4.5,,KXĐ,0,21.009967,105.823136,22000.0,220.0,,,5e958eea208d0d6d7648fdb4,2,5.0,Mặt phố - Mặt đường,,
111,944,34384,34384,100.0,,2.0,5e5501caeb80a7245175dddb,Thành phố Hà Nội,5e5501caeb80a7245175de2c,Quận Đống Đa,8.0,8.0,,,1,21.0159789,105.80992409999999,33500.0,335.0,,,5e958eea208d0d6d7648fd8a,52,7.0,Mặt phố - Mặt đường,5e5501cbeb80a7245175e126,Phường Láng Hạ
112,1123,34563,34563,100.0,,1.0,5e5501caeb80a7245175dddb,Thành phố Hà Nội,5e5501caeb80a7245175de2c,Quận Đống Đa,1.0,5.0,,,1,21.0134587,105.82692420000001,22500.0,225.0,,,5e958eea208d0d6d7648fd8c,56,45.0,Mặt phố - Mặt đường,5e5501cbeb80a7245175e132,Phường Ngã Tư Sở
114,1286,34726,34726,100.0,,,5e5501caeb80a7245175dddb,Thành phố Hà Nội,5e5501caeb80a7245175de2c,Quận Đống Đa,4.0,5.0,,KXĐ,0,21.0263743,105.8267075,18500.0,185.0,,,5e958eea208d0d6d7648fdac,78,20.0,Mặt phố - Mặt đường,,
115,1325,34765,34765,90.0,,,5e5501caeb80a7245175dddb,Thành phố Hà Nội,5e5501caeb80a7245175de2c,Quận Đống Đa,7.0,4.5,,KXĐ,0,21.009967,105.823136,34000.0,377.77777777777777,,,5e958eea208d0d6d7648fd97,76,30.0,Mặt phố - Mặt đường,,
116,1774,35214,35214,70.0,,,5e5501caeb80a7245175dddb,Thành phố Hà Nội,5e5501caeb80a7245175de2c,Quận Đống Đa,5.0,5.0,,KXĐ,0,21.0092227,105.8143864,35000.0,500.0,,,5e958eea208d0d6d7648fdd0,23,40.0,Mặt phố - Mặt đường,,
117,1775,35215,35215,27.0,,,5e5501caeb80a7245175dddb,Thành phố Hà Nội,5e5501caeb80a7245175de2c,Quận Đống Đa,6.0,4.0,,KXĐ,0,21.017649,105.830046,15000.0,555.5555555555555,,,5e958eea208d0d6d7648fd66,34,32.0,Mặt phố - Mặt đường,5e5501cbeb80a7245175e11f,Phường Cát Linh
118,1777,35217,35217,140.0,,,5e5501caeb80a7245175dddb,Thành phố Hà Nội,5e5501caeb80a7245175de2c,Quận Đống Đa,9.0,7.0,,KXĐ,0,21.017649,105.830046,69000.0,492.8571428571428,,,5e958eea208d0d6d7648fdd6,30,40.0,Mặt phố - Mặt đường,,
119,1778,35218,35218,55.0,,,5e5501caeb80a7245175dddb,Thành phố Hà Nội,5e5501caeb80a7245175de2c,Quận Đống Đa,4.0,8.0,,KXĐ,0,21.017649,105.830046,7000.0,127.27272727272728,,,5e958eea208d0d6d7648fd71,37,3.0,Mặt phố - Mặt đường,5e5501cbeb80a7245175e125,Phường Hàng Bột
121,1792,35232,35232,68.0,,,5e5501caeb80a7245175dddb,Thành phố Hà Nội,5e5501caeb80a7245175de2c,Quận Đống Đa,5.0,4.5,,Tây-Nam,0,21.009967,105.823136,35000.0,514.7058823529412,,,5e958eea208d0d6d7648fdd3,25,22.0,Mặt phố - Mặt đường,5e5501cbeb80a7245175e12c,Phường Trung Liệt
122,1796,35236,35236,46.0,,,5e5501caeb80a7245175dddb,Thành phố Hà Nội,5e5501caeb80a7245175de2c,Quận Đống Đa,6.0,4.6,,Đông-Bắc,0,21.017649,105.830046,25000.0,543.4782608695652,,,5e958eea208d0d6d7648fd79,43,55.0,Mặt phố - Mặt đường,5e5501cbeb80a7245175e130,Phường Kim Liên
123,1798,35238,35238,90.0,,,5e5501caeb80a7245175dddb,Thành phố Hà Nội,5e5501caeb80a7245175de2c,Quận Đống Đa,9.0,5.0,,KXĐ,0,21.017649,105.830046,52000.0,577.7777777777778,,,5e958eea208d0d6d7648fdb9,5,20.0,Mặt phố - Mặt đường,,
124,1827,35267,35267,68.0,,,5e5501caeb80a7245175dddb,Thành phố Hà Nội,5e5501caeb80a7245175de2c,Quận Đống Đa,5.0,4.5,,Tây-Nam,0,21.0092227,105.8143864,35000.0,514.7058823529412,,,5e958eea208d0d6d7648fdd0,23,22.0,Mặt phố - Mặt đường,,
125,1829,35269,35269,46.0,,,5e5501caeb80a7245175dddb,Thành phố Hà Nội,5e5501caeb80a7245175de2c,Quận Đống Đa,6.0,4.6,,Đông Bắc,0,21.017649,105.830046,25000.0,543.4782608695652,,,5e958eea208d0d6d7648fdd6,30,55.0,Mặt phố - Mặt đường,,
126,2102,35544,35544,47.0,,,5e5501caeb80a7245175dddb,Thành phố Hà Nội,5e5501caeb80a7245175de2c,Quận Đống Đa,8.0,4.5,,KXĐ,0,21.025752999999998,105.83992240000002,21500.0,457.4468085106383,,,5e958eea208d0d6d7648fda1,73,40.0,Mặt phố - Mặt đường,,
127,2138,35580,35580,75.0,,,5e5501caeb80a7245175dddb,Thành phố Hà Nội,5e5501caeb80a7245175de2c,Quận Đống Đa,7.0,5.3,,KXĐ,0,21.017649,105.830046,45000.0,600.0,,,5e958eea208d0d6d7648fd84,51,5.3,Mặt phố - Mặt đường,5e5501cbeb80a7245175e129,Phường Nam Đồng
128,2155,35597,35597,125.0,,,5e5501caeb80a7245175dddb,Thành phố Hà Nội,5e5501caeb80a7245175de2c,Quận Đống Đa,7.0,5.6,,KXĐ,0,21.0092227,105.8143864,57600.0,460.8,,,5e958eea208d0d6d7648fdd0,23,30.0,Mặt phố - Mặt đường,,
129,2169,35611,35611,75.0,,,5e5501caeb80a7245175dddb,Thành phố Hà Nội,5e5501caeb80a7245175de2c,Quận Đống Đa,7.0,5.3,,KXĐ,0,21.017649,105.830046,45000.0,600.0,,,5e958eea208d0d6d7648fdd6,30,5.3,Mặt phố - Mặt đường,,
130,2321,35763,35763,80.0,,,5e5501caeb80a7245175dddb,Thành phố Hà Nội,5e5501caeb80a7245175de2c,Quận Đống Đa,7.0,4.2,,KXĐ,0,21.017649,105.830046,24900.0,311.25,,,5e958eea208d0d6d7648fd8c,56,19.0,Mặt phố - Mặt đường,,
131,2322,35764,35764,33.0,,,5e5501caeb80a7245175dddb,Thành phố Hà Nội,5e5501caeb80a7245175de2c,Quận Đống Đa,4.0,5.2,,KXĐ,0,21.019366899999998,105.80743819999999,14000.0,424.24242424242425,,,5e958eea208d0d6d7648fd89,53,15.0,Mặt phố - Mặt đường,,
132,2323,35765,35765,161.0,,,5e5501caeb80a7245175dddb,Thành phố Hà Nội,5e5501caeb80a7245175de2c,Quận Đống Đa,5.0,6.9,,KXĐ,0,21.017649,105.830046,37800.0,234.7826086956522,,,5e958eea208d0d6d7648fd6e,83,15.0,Mặt phố - Mặt đường,,
133,2324,35766,35766,57.0,,,5e5501caeb80a7245175dddb,Thành phố Hà Nội,5e5501caeb80a7245175de2c,Quận Đống Đa,8.0,5.2,,KXĐ,0,21.009967,105.823136,22000.0,385.96491228070175,,,5e958eea208d0d6d7648fd96,65,10.0,Mặt phố - Mặt đường,,
134,2338,35780,35780,90.0,,,5e5501caeb80a7245175dddb,Thành phố Hà Nội,5e5501caeb80a7245175de2c,Quận Đống Đa,8.0,8.5,,KXĐ,0,21.0092227,105.8143864,35000.0,388.88888888888886,,,5e958eea208d0d6d7648fd8a,52,18.0,Mặt phố - Mặt đường,,
135,2353,35795,35795,112.0,,,5e5501caeb80a7245175dddb,Thành phố Hà Nội,5e5501caeb80a7245175de2c,Quận Đống Đa,4.0,5.0,,KXĐ,0,21.0092227,105.8143864,12800.0,114.28571428571428,,,5e958eea208d0d6d7648fdd5,29,3.0,Mặt phố - Mặt đường,,
136,2355,35797,35797,23.0,,,5e5501caeb80a7245175dddb,Thành phố Hà Nội,5e5501caeb80a7245175de2c,Quận Đống Đa,5.0,4.3,,KXĐ,0,20.995508800000003,105.8177232,3650.0,158.69565217391303,,,5e958eea208d0d6d7648fdc2,12,3.0,Mặt phố - Mặt đường,5e5501cbeb80a7245175e133,Phường Khương Thượng
137,2356,35798,35798,78.0,,,5e5501caeb80a7245175dddb,Thành phố Hà Nội,5e5501caeb80a7245175de2c,Quận Đống Đa,5.0,5.0,,KXĐ,0,21.0092227,105.8143864,44880.0,575.3846153846154,,,5e958eea208d0d6d7648fdd0,23,20.0,Mặt phố - Mặt đường,,
138,2358,35800,35800,86.0,,,5e5501caeb80a7245175dddb,Thành phố Hà Nội,5e5501caeb80a7245175de2c,Quận Đống Đa,5.0,4.8,,KXĐ,0,21.017649,105.830046,22450.0,261.04651162790697,,,5e958eea208d0d6d7648fd8c,56,16.0,Mặt phố - Mặt đường,,
139,2377,35819,35819,60.0,,,5e5501caeb80a7245175dddb,Thành phố Hà Nội,5e5501caeb80a7245175de2c,Quận Đống Đa,5.0,4.1,,KXĐ,0,21.017649,105.830046,28500.0,475.0,,,5e958eea208d0d6d7648fd66,34,25.0,Mặt phố - Mặt đường,5e5501cbeb80a7245175e11f,Phường Cát Linh
140,2380,35822,35822,80.0,,,5e5501caeb80a7245175dddb,Thành phố Hà Nội,5e5501caeb80a7245175de2c,Quận Đống Đa,6.0,4.5,,KXĐ,0,21.017649,105.830046,21800.0,272.5,,,5e958eea208d0d6d7648fdc1,11,10.0,Mặt phố - Mặt đường,5e5501cbeb80a7245175e127,Phường Khâm Thiên
141,2383,35825,35825,57.0,,,5e5501caeb80a7245175dddb,Thành phố Hà Nội,5e5501caeb80a7245175de2c,Quận Đống Đa,4.0,3.8,,KXĐ,0,21.017649,105.830046,14000.0,245.61403508771926,,,5e958eea208d0d6d7648fdb8,31,5.0,Mặt phố - Mặt đường,,
142,2457,35909,35909,30.0,,3.0,5e5501caeb80a7245175dddb,Thành phố Hà Nội,5e5501caeb80a7245175de2c,Quận Đống Đa,5.0,4.0,,,1,20.996881,105.8179702,3650.0,121.66666666666669,,,5e958eea208d0d6d7648fdc2,12,8.0,Mặt phố - Mặt đường,5e5501cbeb80a7245175e133,Phường Khương Thượng
143,2640,36092,36092,55.0,,,5e5501caeb80a7245175dddb,Thành phố Hà Nội,5e5501caeb80a7245175de2c,Quận Đống Đa,5.0,6.0,,Tây-Nam,0,21.017649,105.830046,4950.0,90.0,,,5e958eea208d0d6d7648fdc1,11,2.5,Mặt phố - Mặt đường,5e5501cbeb80a7245175e127,Phường Khâm Thiên
144,2641,36093,36093,68.0,,,5e5501caeb80a7245175dddb,Thành phố Hà Nội,5e5501caeb80a7245175de2c,Quận Đống Đa,4.0,4.0,,KXĐ,0,21.017649,105.830046,28350.0,416.9117647058823,,,5e958eea208d0d6d7648fd91,82,10.0,Mặt phố - Mặt đường,5e5501cbeb80a7245175e123,Phường Ô Chợ Dừa
145,2653,36105,36105,90.0,,,5e5501caeb80a7245175dddb,Thành phố Hà Nội,5e5501caeb80a7245175de2c,Quận Đống Đa,4.0,5.0,,KXĐ,0,21.017649,105.830046,27000.0,300.0,,,5e958eea208d0d6d7648fdbc,6,25.0,Mặt phố - Mặt đường,,
146,2656,36108,36108,39.0,,,5e5501caeb80a7245175dddb,Thành phố Hà Nội,5e5501caeb80a7245175de2c,Quận Đống Đa,3.0,6.0,,Tây-Nam,0,21.0092227,105.8143864,7100.0,182.05128205128204,,,5e958eea208d0d6d7648fd7d,46,45.0,Mặt phố - Mặt đường,,
147,2657,36109,36109,41.0,,,5e5501caeb80a7245175dddb,Thành phố Hà Nội,5e5501caeb80a7245175de2c,Quận Đống Đa,5.0,4.0,,KXĐ,0,21.017649,105.830046,14000.0,341.4634146341463,,,5e958eea208d0d6d7648fdb4,2,36.0,Mặt phố - Mặt đường,,
148,2698,36150,36150,34.0,,,5e5501caeb80a7245175dddb,Thành phố Hà Nội,5e5501caeb80a7245175de2c,Quận Đống Đa,4.0,4.0,,KXĐ,0,21.019366899999998,105.80743819999999,15300.0,450.0,,,5e958eea208d0d6d7648fdb5,3,30.0,Mặt phố - Mặt đường,,
149,2701,36153,36153,68.0,,,5e5501caeb80a7245175dddb,Thành phố Hà Nội,5e5501caeb80a7245175de2c,Quận Đống Đa,4.0,4.0,,,0,21.017649,105.830046,28350.0,416.9117647058823,,,5e958eea208d0d6d7648fdb8,31,10.0,Mặt phố - Mặt đường,,
150,2704,36156,36156,90.0,,,5e5501caeb80a7245175dddb,Thành phố Hà Nội,5e5501caeb80a7245175de2c,Quận Đống Đa,5.0,4.2,,,0,21.0225776,105.8318544,23000.0,255.5555555555556,,,5e958eea208d0d6d7648fdcf,27,20.0,Mặt phố - Mặt đường,,
151,2830,36282,36282,90.0,,,5e5501caeb80a7245175dddb,Thành phố Hà Nội,5e5501caeb80a7245175de2c,Quận Đống Đa,9.0,6.0,,KXĐ,0,21.017649,105.830046,19000.0,211.11111111111111,,,,-1,5.0,Mặt phố - Mặt đường,5e5501cbeb80a7245175e12d,Phường Phương Liên
152,2850,36302,36302,45.0,,,5e5501caeb80a7245175dddb,Thành phố Hà Nội,5e5501caeb80a7245175de2c,Quận Đống Đa,4.0,4.1,,KXĐ,0,21.017649,105.830046,10900.0,242.22222222222226,,,5e958eea208d0d6d7648fdbc,6,10.0,Mặt phố - Mặt đường,,
153,2851,36303,36303,143.0,,,5e5501caeb80a7245175dddb,Thành phố Hà Nội,5e5501caeb80a7245175de2c,Quận Đống Đa,7.0,7.2,,KXĐ,0,21.0130853,105.8203773,65300.0,456.64335664335664,,,5e958eea208d0d6d7648fdd0,23,30.0,Mặt phố - Mặt đường,,
154,2889,36341,36341,71.0,,,5e5501caeb80a7245175dddb,Thành phố Hà Nội,5e5501caeb80a7245175de2c,Quận Đống Đa,5.0,7.6,,Tây-Bắc,0,21.019366899999998,105.80743819999999,29000.0,408.45070422535207,,,5e958eea208d0d6d7648fd89,53,40.0,Mặt phố - Mặt đường,,
155,2901,36353,36353,120.0,,,5e5501caeb80a7245175dddb,Thành phố Hà Nội,5e5501caeb80a7245175de2c,Quận Đống Đa,9.0,4.5,,KXĐ,0,21.0130853,105.8203773,29000.0,241.66666666666663,,,5e958eea208d0d6d7648fdd0,23,10.0,Mặt phố - Mặt đường,,
156,2908,36360,36360,100.0,,,5e5501caeb80a7245175dddb,Thành phố Hà Nội,5e5501caeb80a7245175de2c,Quận Đống Đa,6.0,4.5,,KXĐ,0,21.0092227,105.8143864,28500.0,285.0,,,5e958eea208d0d6d7648fd7d,46,25.0,Mặt phố - Mặt đường,,
157,2912,36364,36364,120.0,,,5e5501caeb80a7245175dddb,Thành phố Hà Nội,5e5501caeb80a7245175de2c,Quận Đống Đa,9.0,4.5,,KXĐ,0,21.0130853,105.8203773,29000.0,241.66666666666663,,,5e958eea208d0d6d7648fdd0,23,10.0,Mặt phố - Mặt đường,,
158,2921,36373,36373,45.0,,,5e5501caeb80a7245175dddb,Thành phố Hà Nội,5e5501caeb80a7245175de2c,Quận Đống Đa,5.0,4.0,,Đông Nam,0,21.0130853,105.8203773,8500.0,188.88888888888889,,,5e958eea208d0d6d7648fdd0,23,5.0,Mặt phố - Mặt đường,,
160,3078,36532,36532,85.0,,,5e5501caeb80a7245175dddb,Thành phố Hà Nội,5e5501caeb80a7245175de2c,Quận Đống Đa,5.0,5.0,,KXĐ,0,21.0092227,105.8143864,14000.0,164.7058823529412,,,5e958eea208d0d6d7648fdd1,24,6.0,Mặt phố - Mặt đường,,
161,3094,36548,36548,90.0,,,5e5501caeb80a7245175dddb,Thành phố Hà Nội,5e5501caeb80a7245175de2c,Quận Đống Đa,3.0,4.8,,KXĐ,0,28.647889799999998,180.0,21000.0,233.33333333333331,,,5e958eea208d0d6d7648fd8c,56,20.0,Mặt phố - Mặt đường,,
162,3121,36575,36575,60.0,,,5e5501caeb80a7245175dddb,Thành phố Hà Nội,5e5501caeb80a7245175de2c,Quận Đống Đa,5.0,4.5,,,0,21.0159951,105.8114595,22500.0,375.0,,,5e958eea208d0d6d7648fdbd,7,8.0,Mặt phố - Mặt đường,,
163,3133,36587,36587,86.0,,,5e5501caeb80a7245175dddb,Thành phố Hà Nội,5e5501caeb80a7245175de2c,Quận Đống Đa,3.0,4.5,,,0,28.647889799999998,180.0,19800.0,230.23255813953492,,,5e958eea208d0d6d7648fd8c,56,25.0,Mặt phố - Mặt đường,,
164,3142,36596,36596,87.0,,,5e5501caeb80a7245175dddb,Thành phố Hà Nội,5e5501caeb80a7245175de2c,Quận Đống Đa,5.0,5.0,,KXĐ,0,21.017649,105.830046,4900.0,56.32183908045979,,,5e958eea208d0d6d7648fd7a,44,4.0,Mặt phố - Mặt đường,,
165,3143,36597,36597,60.0,,,5e5501caeb80a7245175dddb,Thành phố Hà Nội,5e5501caeb80a7245175de2c,Quận Đống Đa,5.0,5.0,,KXĐ,0,21.017649,105.830046,3200.0,53.33333333333334,,,,-1,4.0,Mặt phố - Mặt đường,5e5501cbeb80a7245175e130,Phường Kim Liên
166,3144,36598,36598,101.0,,,5e5501caeb80a7245175dddb,Thành phố Hà Nội,5e5501caeb80a7245175de2c,Quận Đống Đa,7.0,10.0,,KXĐ,0,21.017649,105.830046,10700.0,105.94059405940594,,,5e958eea208d0d6d7648fd7a,44,12.0,Mặt phố - Mặt đường,,
167,3145,36599,36599,169.0,,,5e5501caeb80a7245175dddb,Thành phố Hà Nội,5e5501caeb80a7245175de2c,Quận Đống Đa,7.0,12.0,,KXĐ,0,21.017649,105.830046,12700.0,75.14792899408285,,,5e958eea208d0d6d7648fd7a,44,12.0,Mặt phố - Mặt đường,,
168,3146,36600,36600,108.0,,,5e5501caeb80a7245175dddb,Thành phố Hà Nội,5e5501caeb80a7245175de2c,Quận Đống Đa,5.0,5.0,,KXĐ,0,,,8700.0,80.55555555555556,,,5e958eea208d0d6d7648fd7a,44,4.0,Mặt phố - Mặt đường,,
169,3147,36601,36601,112.0,,,5e5501caeb80a7245175dddb,Thành phố Hà Nội,5e5501caeb80a7245175de2c,Quận Đống Đa,6.0,8.0,,KXĐ,0,,,7800.0,69.64285714285714,,,5e958eea208d0d6d7648fd7a,44,8.0,Mặt phố - Mặt đường,,
170,3149,36603,36603,65.0,,,5e5501caeb80a7245175dddb,Thành phố Hà Nội,5e5501caeb80a7245175de2c,Quận Đống Đa,5.0,5.0,,KXĐ,0,,,3800.0,58.46153846153846,,,5e958eea208d0d6d7648fd7a,44,4.0,Mặt phố - Mặt đường,,
171,3150,36604,36604,69.0,,,5e5501caeb80a7245175dddb,Thành phố Hà Nội,5e5501caeb80a7245175de2c,Quận Đống Đa,5.0,5.0,,KXĐ,0,,,2900.0,42.028985507246375,,,5e958eea208d0d6d7648fd7a,44,4.0,Mặt phố - Mặt đường,,
172,3151,36605,36605,127.0,,,5e5501caeb80a7245175dddb,Thành phố Hà Nội,5e5501caeb80a7245175de2c,Quận Đống Đa,8.0,11.0,,KXĐ,0,,,12700.0,100.0,,,5e958eea208d0d6d7648fd7a,44,12.0,Mặt phố - Mặt đường,,
173,3152,36606,36606,158.0,,,5e5501caeb80a7245175dddb,Thành phố Hà Nội,5e5501caeb80a7245175de2c,Quận Đống Đa,8.0,11.0,,KXĐ,0,,,16700.0,105.69620253164557,,,5e958eea208d0d6d7648fd7a,44,11.0,Mặt phố - Mặt đường,,
174,3153,36607,36607,62.0,,,5e5501caeb80a7245175dddb,Thành phố Hà Nội,5e5501caeb80a7245175de2c,Quận Đống Đa,5.0,5.0,,KXĐ,0,,,3900.0,62.903225806451616,,,5e958eea208d0d6d7648fd7a,44,4.0,Mặt phố - Mặt đường,,
175,3218,36676,36676,82.0,,,5e5501caeb80a7245175dddb,Thành phố Hà Nội,5e5501caeb80a7245175de2c,Quận Đống Đa,8.0,6.2,,,0,21.017649,105.830046,46300.0,564.6341463414634,,,5e958eea208d0d6d7648fdd6,30,40.0,Mặt phố - Mặt đường,,
176,3225,36683,36683,108.0,,,5e5501caeb80a7245175dddb,Thành phố Hà Nội,5e5501caeb80a7245175de2c,Quận Đống Đa,7.0,9.0,,Tây Nam,0,21.017649,105.830046,45000.0,416.66666666666674,,,5e958eea208d0d6d7648fdd4,28,25.0,Mặt phố - Mặt đường,5e5501cbeb80a7245175e120,Phường Văn Miếu
177,3232,36690,36690,86.0,,,5e5501caeb80a7245175dddb,Thành phố Hà Nội,5e5501caeb80a7245175de2c,Quận Đống Đa,7.0,5.0,,Đông Bắc,0,21.017649,105.830046,35000.0,406.9767441860465,,,5e958eea208d0d6d7648fdab,79,20.0,Mặt phố - Mặt đường,,
178,3233,36691,36691,110.0,,,5e5501caeb80a7245175dddb,Thành phố Hà Nội,5e5501caeb80a7245175de2c,Quận Đống Đa,1.0,5.0,,,0,21.0190312,105.8271797,26300.0,239.0909090909091,,,,-1,20.0,Mặt phố - Mặt đường,,
179,3235,36693,36693,112.0,,,5e5501caeb80a7245175dddb,Thành phố Hà Nội,5e5501caeb80a7245175de2c,Quận Đống Đa,6.0,6.0,,,0,21.009967,105.823136,15000.0,133.92857142857142,,,5e958eea208d0d6d7648fd97,76,8.0,Mặt phố - Mặt đường,,
180,3236,36694,36694,82.0,,,5e5501caeb80a7245175dddb,Thành phố Hà Nội,5e5501caeb80a7245175de2c,Quận Đống Đa,8.0,6.2,,,0,21.017649,105.830046,46300.0,564.6341463414634,,,5e958eea208d0d6d7648fdd6,30,40.0,Mặt phố - Mặt đường,,
181,3242,36700,36700,40.0,,,5e5501caeb80a7245175dddb,Thành phố Hà Nội,5e5501caeb80a7245175de2c,Quận Đống Đa,4.0,4.1,,,0,21.017649,105.830046,12000.0,300.0,,,5e958eea208d0d6d7648fd80,49,21.0,Mặt phố - Mặt đường,,
182,3244,36702,36702,60.0,,,5e5501caeb80a7245175dddb,Thành phố Hà Nội,5e5501caeb80a7245175de2c,Quận Đống Đa,5.0,5.0,,,0,21.0153717,105.8128851,22000.0,366.66666666666674,,,,-1,30.0,Mặt phố - Mặt đường,5e5501cbeb80a7245175e126,Phường Láng Hạ
183,3318,36776,36776,76.0,,,5e5501caeb80a7245175dddb,Thành phố Hà Nội,5e5501caeb80a7245175de2c,Quận Đống Đa,5.0,5.4,,,0,28.647889799999998,180.0,16900.0,222.36842105263162,,,5e958eea208d0d6d7648fd8c,56,6.0,Mặt phố - Mặt đường,,
184,3320,36778,36778,90.0,,,5e5501caeb80a7245175dddb,Thành phố Hà Nội,5e5501caeb80a7245175de2c,Quận Đống Đa,7.0,4.5,,Đông Nam,0,21.0130853,105.8203773,34000.0,377.77777777777777,,,5e958eea208d0d6d7648fdd0,23,20.0,Mặt phố - Mặt đường,,
185,3322,36780,36780,27.0,,,5e5501caeb80a7245175dddb,Thành phố Hà Nội,5e5501caeb80a7245175de2c,Quận Đống Đa,5.0,4.0,,,0,21.017649,105.830046,15000.0,555.5555555555555,,,5e958eea208d0d6d7648fd66,34,24.0,Mặt phố - Mặt đường,5e5501cbeb80a7245175e11f,Phường Cát Linh
186,3347,36805,36805,80.0,,,5e5501caeb80a7245175dddb,Thành phố Hà Nội,5e5501caeb80a7245175de2c,Quận Đống Đa,5.0,5.0,,,0,21.017649,105.830046,9350.0,116.875,,,5e958eea208d0d6d7648fdbc,6,5.0,Mặt phố - Mặt đường,,
187,3349,36807,36807,75.0,,,5e5501caeb80a7245175dddb,Thành phố Hà Nội,5e5501caeb80a7245175de2c,Quận Đống Đa,4.0,5.0,,,0,21.019366899999998,105.80743819999999,21550.0,287.3333333333333,,,5e958eea208d0d6d7648fdb5,3,10.0,Mặt phố - Mặt đường,,
188,3350,36808,36808,78.0,,,5e5501caeb80a7245175dddb,Thành phố Hà Nội,5e5501caeb80a7245175de2c,Quận Đống Đa,4.0,8.8,,Đông Nam,0,21.019366899999998,105.80743819999999,23000.0,294.8717948717949,,,5e958eea208d0d6d7648fdb5,3,10.0,Mặt phố - Mặt đường,,
189,3402,36860,36860,80.0,,,5e5501caeb80a7245175dddb,Thành phố Hà Nội,5e5501caeb80a7245175de2c,Quận Đống Đa,2.0,5.1,,,0,21.0225776,105.8318544,25000.0,312.5,,,5e958eea208d0d6d7648fdcf,27,10.0,Mặt phố - Mặt đường,,
190,3429,36887,36887,80.0,,,5e5501caeb80a7245175dddb,Thành phố Hà Nội,5e5501caeb80a7245175de2c,Quận Đống Đa,2.0,5.1,,,0,21.0225776,105.8318544,25000.0,312.5,,,5e958eea208d0d6d7648fdcf,27,10.0,Mặt phố - Mặt đường,,
191,3430,36888,36888,57.0,,,5e5501caeb80a7245175dddb,Thành phố Hà Nội,5e5501caeb80a7245175de2c,Quận Đống Đa,8.0,5.2,,,0,21.017649,105.830046,23000.0,403.5087719298246,,,5e958eea208d0d6d7648fd96,65,20.0,Mặt phố - Mặt đường,,
192,3443,36901,36901,72.0,,,5e5501caeb80a7245175dddb,Thành phố Hà Nội,5e5501caeb80a7245175de2c,Quận Đống Đa,6.0,7.6,,KXĐ,0,21.019366899999998,105.80743819999999,29000.0,402.77777777777777,,,5e958eea208d0d6d7648fd89,53,42.0,Mặt phố - Mặt đường,,
193,3446,36904,36904,98.0,,,5e5501caeb80a7245175dddb,Thành phố Hà Nội,5e5501caeb80a7245175de2c,Quận Đống Đa,6.0,4.3,,KXĐ,0,21.017649,105.830046,29000.0,295.9183673469388,,,5e958eea208d0d6d7648fdc8,18,24.0,Mặt phố - Mặt đường,,
194,3447,36905,36905,57.0,,,5e5501caeb80a7245175dddb,Thành phố Hà Nội,5e5501caeb80a7245175de2c,Quận Đống Đa,8.0,5.2,,KXĐ,0,21.009967,105.823136,23000.0,403.5087719298246,,,5e958eea208d0d6d7648fd98,77,25.0,Mặt phố - Mặt đường,,
195,3448,36906,36906,99.0,,,5e5501caeb80a7245175dddb,Thành phố Hà Nội,5e5501caeb80a7245175de2c,Quận Đống Đa,6.0,7.0,,KXĐ,0,21.017649,105.830046,29000.0,292.92929292929296,,,5e958eea208d0d6d7648fdbc,6,10.0,Mặt phố - Mặt đường,,
196,3498,36956,36956,65.0,,,5e5501caeb80a7245175dddb,Thành phố Hà Nội,5e5501caeb80a7245175de2c,Quận Đống Đa,4.0,5.5,,,0,21.0119555,105.8297784,29000.0,446.1538461538461,,,5e958eea208d0d6d7648fd76,42,15.0,Mặt phố - Mặt đường,,
197,3499,36957,36957,95.0,,,5e5501caeb80a7245175dddb,Thành phố Hà Nội,5e5501caeb80a7245175de2c,Quận Đống Đa,5.0,6.4,,,0,21.0130853,105.8203773,19000.0,200.0,,,5e958eea208d0d6d7648fdd0,23,20.0,Mặt phố - Mặt đường,,
198,3501,36959,36959,100.0,,,5e5501caeb80a7245175dddb,Thành phố Hà Nội,5e5501caeb80a7245175de2c,Quận Đống Đa,4.0,6.0,,,0,21.017649,105.830046,19000.0,190.0,,,5e958eea208d0d6d7648fdc5,15,30.0,Mặt phố - Mặt đường,,
199,3503,36961,36961,50.0,,,5e5501caeb80a7245175dddb,Thành phố Hà Nội,5e5501caeb80a7245175de2c,Quận Đống Đa,5.0,3.5,,,0,21.0187513,105.8219003,14000.0,280.0,,,5e958eea208d0d6d7648fdc6,16,6.0,Mặt phố - Mặt đường,,
200,3505,36963,36963,80.1,,,5e5501caeb80a7245175dddb,Thành phố Hà Nội,5e5501caeb80a7245175de2c,Quận Đống Đa,1.0,5.0,,,0,21.017649,105.830046,20986.2,262.0,,,5e958eea208d0d6d7648fdc1,11,25.0,Mặt phố - Mặt đường,5e5501cbeb80a7245175e127,Phường Khâm Thiên
201,3553,37011,37011,70.0,,,5e5501caeb80a7245175dddb,Thành phố Hà Nội,5e5501caeb80a7245175de2c,Quận Đống Đa,5.0,4.2,,,0,21.017649,105.830046,19000.0,271.42857142857144,,,5e958eea208d0d6d7648fd91,82,10.0,Mặt phố - Mặt đường,5e5501cbeb80a7245175e123,Phường Ô Chợ Dừa
202,3562,37020,37020,75.0,,,5e5501caeb80a7245175dddb,Thành phố Hà Nội,5e5501caeb80a7245175de2c,Quận Đống Đa,5.0,7.6,,,0,21.019366899999998,105.80743819999999,28980.0,386.4,,,5e958eea208d0d6d7648fd89,53,20.0,Mặt phố - Mặt đường,,
203,3586,37044,37044,70.0,,,5e5501caeb80a7245175dddb,Thành phố Hà Nội,5e5501caeb80a7245175de2c,Quận Đống Đa,4.0,4.2,,,0,21.017649,105.830046,19000.0,271.42857142857144,,,5e958eea208d0d6d7648fdbc,6,10.0,Mặt phố - Mặt đường,,
204,3607,37065,37065,23.0,,,5e5501caeb80a7245175dddb,Thành phố Hà Nội,5e5501caeb80a7245175de2c,Quận Đống Đa,4.0,3.3,,KXĐ,0,21.0092227,105.8143864,7400.0,321.7391304347826,,,5e958eea208d0d6d7648fdd1,24,4.0,Mặt phố - Mặt đường,,
205,3608,37066,37066,48.0,,,5e5501caeb80a7245175dddb,Thành phố Hà Nội,5e5501caeb80a7245175de2c,Quận Đống Đa,9.0,5.0,,KXĐ,0,21.019366899999998,105.80743819999999,6900.0,143.75,,,5e958eea208d0d6d7648fd78,39,7.0,Mặt phố - Mặt đường,,
206,3684,37143,37143,48.0,,,5e5501caeb80a7245175dddb,Thành phố Hà Nội,5e5501caeb80a7245175de2c,Quận Đống Đa,6.0,4.5,,,0,21.017649,105.830046,26000.0,541.6666666666666,,,5e958eea208d0d6d7648fdd6,30,10.0,Mặt phố - Mặt đường,,
207,3687,37146,37146,50.0,,,5e5501caeb80a7245175dddb,Thành phố Hà Nội,5e5501caeb80a7245175de2c,Quận Đống Đa,5.0,5.0,,Tây Bắc,0,21.017649,105.830046,20500.0,410.0,,,5e958eea208d0d6d7648fd8a,52,20.0,Mặt phố - Mặt đường,,
208,3692,37151,37151,75.0,,,5e5501caeb80a7245175dddb,Thành phố Hà Nội,5e5501caeb80a7245175de2c,Quận Đống Đa,7.0,4.0,,,0,21.017649,105.830046,21800.0,290.6666666666667,,,5e958eea208d0d6d7648fdc1,11,8.0,Mặt phố - Mặt đường,5e5501cbeb80a7245175e127,Phường Khâm Thiên
209,3701,37160,37160,110.0,,,5e5501caeb80a7245175dddb,Thành phố Hà Nội,5e5501caeb80a7245175de2c,Quận Đống Đa,9.0,4.3,,,0,21.009967,105.823136,29000.0,263.6363636363636,,,5e958eea208d0d6d7648fdd3,25,5.0,Mặt phố - Mặt đường,5e5501cbeb80a7245175e12c,Phường Trung Liệt
210,3703,37162,37162,65.0,,,5e5501caeb80a7245175dddb,Thành phố Hà Nội,5e5501caeb80a7245175de2c,Quận Đống Đa,7.0,4.5,,Đông Nam,0,21.017649,105.830046,21000.0,323.07692307692315,,,5e958eea208d0d6d7648fd71,37,12.0,Mặt phố - Mặt đường,5e5501cbeb80a7245175e125,Phường Hàng Bột
211,3716,37175,37175,100.0,,,5e5501caeb80a7245175dddb,Thành phố Hà Nội,5e5501caeb80a7245175de2c,Quận Đống Đa,5.0,6.0,,,0,21.0092227,105.8143864,32000.0,320.0,,,5e958eea208d0d6d7648fdae,81,25.0,Mặt phố - Mặt đường,,
212,3729,37188,37188,32.0,,,5e5501caeb80a7245175dddb,Thành phố Hà Nội,5e5501caeb80a7245175de2c,Quận Đống Đa,6.0,3.6,,,0,21.009967,105.823136,11300.0,353.125,,,5e958eea208d0d6d7648fd97,76,40.0,Mặt phố - Mặt đường,,
213,3745,37204,37204,100.0,,,5e5501caeb80a7245175dddb,Thành phố Hà Nội,5e5501caeb80a7245175de2c,Quận Đống Đa,2.0,4.5,,,0,28.647889799999998,180.0,22500.0,225.0,,,5e958eea208d0d6d7648fd8c,56,20.0,Mặt phố - Mặt đường,,
214,3749,37208,37208,36.0,,,5e5501caeb80a7245175dddb,Thành phố Hà Nội,5e5501caeb80a7245175de2c,Quận Đống Đa,6.0,3.9,,,0,21.0092227,105.8143864,6600.0,183.33333333333331,,,5e958eea208d0d6d7648fd9c,67,4.0,Mặt phố - Mặt đường,5e5501cbeb80a7245175e12e,Phường Thịnh Quang
215,3764,37223,37223,72.0,,,5e5501caeb80a7245175dddb,Thành phố Hà Nội,5e5501caeb80a7245175de2c,Quận Đống Đa,5.0,4.0,,KXĐ,0,21.009967,105.823136,13400.0,186.11111111111111,,,5e958eea208d0d6d7648fd97,76,10.0,Mặt phố - Mặt đường,,
216,3923,37382,37382,63.0,,,5e5501caeb80a7245175dddb,Thành phố Hà Nội,5e5501caeb80a7245175de2c,Quận Đống Đa,7.0,4.5,,,0,21.017649,105.830046,16300.0,258.7301587301588,,,5e958eea208d0d6d7648fdbc,6,12.0,Mặt phố - Mặt đường,,
217,3944,37403,37403,100.0,,,5e5501caeb80a7245175dddb,Thành phố Hà Nội,5e5501caeb80a7245175de2c,Quận Đống Đa,9.0,4.5,,,0,21.0153717,105.8128851,56000.0,560.0,,,5e958eea208d0d6d7648fdc4,14,60.0,Mặt phố - Mặt đường,5e5501cbeb80a7245175e126,Phường Láng Hạ
218,3960,37419,37419,70.0,,,5e5501caeb80a7245175dddb,Thành phố Hà Nội,5e5501caeb80a7245175de2c,Quận Đống Đa,5.0,4.5,,,0,21.0187513,105.8219003,9500.0,135.71428571428572,,,5e958eea208d0d6d7648fdc6,16,5.0,Mặt phố - Mặt đường,,
219,3977,37436,37436,160.0,,,5e5501caeb80a7245175dddb,Thành phố Hà Nội,5e5501caeb80a7245175de2c,Quận Đống Đa,5.0,12.0,,,0,21.009967,105.823136,54000.0,337.5,,,5e958eea208d0d6d7648fdd3,25,30.0,Mặt phố - Mặt đường,5e5501cbeb80a7245175e12c,Phường Trung Liệt
220,3998,37457,37457,100.0,,,5e5501caeb80a7245175dddb,Thành phố Hà Nội,5e5501caeb80a7245175de2c,Quận Đống Đa,4.0,4.5,,KXĐ,0,21.017649,105.830046,25500.0,255.0,,,5e958eea208d0d6d7648fdc1,11,20.0,Mặt phố - Mặt đường,,
221,3999,37458,37458,80.0,,,5e5501caeb80a7245175dddb,Thành phố Hà Nội,5e5501caeb80a7245175de2c,Quận Đống Đa,2.0,5.0,,KXĐ,0,21.017649,105.830046,21000.0,262.5,,,5e958eea208d0d6d7648fdc1,11,20.0,Mặt phố - Mặt đường,,
222,4250,37710,37710,94.0,,,5e5501caeb80a7245175dddb,Thành phố Hà Nội,5e5501caeb80a7245175de2c,Quận Đống Đa,5.0,6.0,,,0,21.0092227,105.8143864,32000.0,340.4255319148936,,,5e958eea208d0d6d7648fdae,81,32.0,Mặt phố - Mặt đường,,
223,4251,37711,37711,50.0,,,5e5501caeb80a7245175dddb,Thành phố Hà Nội,5e5501caeb80a7245175de2c,Quận Đống Đa,6.0,5.0,,,0,21.017649,105.830046,21600.0,432.0,,,,-1,50.0,Mặt phố - Mặt đường,,
224,4252,37712,37712,135.0,,,5e5501caeb80a7245175dddb,Thành phố Hà Nội,5e5501caeb80a7245175de2c,Quận Đống Đa,7.0,6.0,,,0,21.0153717,105.8128851,45000.0,333.3333333333333,,,5e958eea208d0d6d7648fdc4,14,40.0,Mặt phố - Mặt đường,5e5501cbeb80a7245175e126,Phường Láng Hạ
225,4253,37713,37713,100.0,,,5e5501caeb80a7245175dddb,Thành phố Hà Nội,5e5501caeb80a7245175de2c,Quận Đống Đa,4.0,4.5,,,0,21.028194600000006,105.8390746,18000.0,180.0,,,5e958eea208d0d6d7648fd8b,55,5.0,Mặt phố - Mặt đường,,
226,4272,37732,37732,130.0,,,5e5501caeb80a7245175dddb,Thành phố Hà Nội,5e5501caeb80a7245175de2c,Quận Đống Đa,6.0,6.0,,,0,21.009967,105.823136,15000.0,115.3846153846154,,,5e958eea208d0d6d7648fd97,76,6.0,Mặt phố - Mặt đường,,
227,4273,37733,37733,40.0,,,5e5501caeb80a7245175dddb,Thành phố Hà Nội,5e5501caeb80a7245175de2c,Quận Đống Đa,5.0,4.0,,,0,21.017649,105.830046,12000.0,300.0,,,5e958eea208d0d6d7648fdc5,15,10.0,Mặt phố - Mặt đường,,
228,4298,37758,37758,133.0,,,5e5501caeb80a7245175dddb,Thành phố Hà Nội,5e5501caeb80a7245175de2c,Quận Đống Đa,7.0,6.0,,,0,21.0153717,105.8128851,45000.0,338.3458646616542,,,5e958eea208d0d6d7648fdc4,14,15.0,Mặt phố - Mặt đường,5e5501cbeb80a7245175e126,Phường Láng Hạ
229,4302,37762,37762,50.0,,,5e5501caeb80a7245175dddb,Thành phố Hà Nội,5e5501caeb80a7245175de2c,Quận Đống Đa,6.0,5.0,,,0,21.0225776,105.8318544,21600.0,432.0,,,5e958eea208d0d6d7648fdcf,27,50.0,Mặt phố - Mặt đường,,
230,4310,37770,37770,130.0,,,5e5501caeb80a7245175dddb,Thành phố Hà Nội,5e5501caeb80a7245175de2c,Quận Đống Đa,6.0,6.0,,,0,21.0130853,105.8203773,15000.0,115.3846153846154,,,5e958eea208d0d6d7648fdd0,23,6.0,Mặt phố - Mặt đường,,
231,4340,37800,37800,36.0,,,5e5501caeb80a7245175dddb,Thành phố Hà Nội,5e5501caeb80a7245175de2c,Quận Đống Đa,7.0,4.0,,KXĐ,0,21.009967,105.823136,20000.0,555.5555555555555,,,5e958eea208d0d6d7648fd97,76,28.0,Mặt phố - Mặt đường,,
232,4475,37935,37935,55.0,,,5e5501caeb80a7245175dddb,Thành phố Hà Nội,5e5501caeb80a7245175de2c,Quận Đống Đa,5.0,4.3,,,0,21.017649,105.830046,23000.0,418.1818181818182,,,5e958eea208d0d6d7648fdbc,6,20.0,Mặt phố - Mặt đường,,
233,4476,37936,37936,40.0,,,5e5501caeb80a7245175dddb,Thành phố Hà Nội,5e5501caeb80a7245175de2c,Quận Đống Đa,5.0,3.5,,,0,21.017649,105.830046,5950.0,148.75,,,5e958eea208d0d6d7648fd80,49,6.0,Mặt phố - Mặt đường,,
234,4502,37962,37962,127.0,,,5e5501caeb80a7245175dddb,Thành phố Hà Nội,5e5501caeb80a7245175de2c,Quận Đống Đa,2.0,12.0,,,0,21.019366899999998,105.80743819999999,30000.0,236.2204724409449,,,5e958eea208d0d6d7648fdb5,3,15.0,Mặt phố - Mặt đường,,
235,4631,38091,38091,57.0,,4.0,5e5501caeb80a7245175dddb,Thành phố Hà Nội,5e5501caeb80a7245175de2c,Quận Đống Đa,5.0,5.0,,,1,21.017239899999996,105.8172362,19300.0,338.5964912280702,,,5e958eea208d0d6d7648fdc6,16,5.0,Mặt phố - Mặt đường,5e5501cbeb80a7245175e123,Phường Ô Chợ Dừa
236,4688,38148,38148,28.0,,3.0,5e5501caeb80a7245175dddb,Thành phố Hà Nội,5e5501caeb80a7245175de2c,Quận Đống Đa,5.0,8.0,,,1,21.016800399999997,105.8095635,2200.0,357.89473684210526,,,5e958eea208d0d6d7648fd8a,52,8.0,Mặt phố - Mặt đường,5e5501cbeb80a7245175e126,Phường Láng Hạ
237,4761,38221,38221,60.0,,,5e5501caeb80a7245175dddb,Thành phố Hà Nội,5e5501caeb80a7245175de2c,Quận Đống Đa,5.0,4.0,,,0,21.017649,105.830046,32000.0,533.3333333333334,,,5e958eea208d0d6d7648fd91,82,25.0,Mặt phố - Mặt đường,5e5501cbeb80a7245175e123,Phường Ô Chợ Dừa
238,4774,38234,38234,135.0,,,5e5501caeb80a7245175dddb,Thành phố Hà Nội,5e5501caeb80a7245175de2c,Quận Đống Đa,7.0,6.0,,,0,21.0153717,105.8128851,45000.0,333.3333333333333,,,5e958eea208d0d6d7648fdc4,14,40.0,Mặt phố - Mặt đường,5e5501cbeb80a7245175e126,Phường Láng Hạ
239,4775,38235,38235,28.0,,,5e5501caeb80a7245175dddb,Thành phố Hà Nội,5e5501caeb80a7245175de2c,Quận Đống Đa,5.0,7.0,,,0,21.017649,105.830046,16680.0,595.7142857142858,,,5e958eea208d0d6d7648fdd6,30,50.0,Mặt phố - Mặt đường,,
240,4776,38236,38236,61.0,,,5e5501caeb80a7245175dddb,Thành phố Hà Nội,5e5501caeb80a7245175de2c,Quận Đống Đa,8.0,4.0,,,0,21.017649,105.830046,8850.0,145.08196721311475,,,5e958eea208d0d6d7648fda8,70,3.0,Mặt phố - Mặt đường,,
241,4786,38246,38246,35.0,,4.0,5e5501caeb80a7245175dddb,Thành phố Hà Nội,5e5501caeb80a7245175de2c,Quận Đống Đa,5.0,4.0,,,1,21.0213451,105.8331223,95000.0,227.14285714285717,,,5e958eea208d0d6d7648fd77,41,10.0,Mặt phố - Mặt đường,5e5501cbeb80a7245175e124,Phường Văn Chương
242,4893,38353,38353,140.0,,,5e5501caeb80a7245175dddb,Thành phố Hà Nội,5e5501caeb80a7245175de2c,Quận Đống Đa,7.0,6.5,,,0,21.0153717,105.8128851,45000.0,321.42857142857144,,,5e958eea208d0d6d7648fdc4,14,25.0,Mặt phố - Mặt đường,5e5501cbeb80a7245175e126,Phường Láng Hạ
243,4895,38355,38355,100.0,,,5e5501caeb80a7245175dddb,Thành phố Hà Nội,5e5501caeb80a7245175de2c,Quận Đống Đa,5.0,6.0,,,0,21.0092227,105.8143864,32000.0,320.0,,,5e958eea208d0d6d7648fdd1,24,25.0,Mặt phố - Mặt đường,,
244,4918,38378,38378,60.0,,,5e5501caeb80a7245175dddb,Thành phố Hà Nội,5e5501caeb80a7245175de2c,Quận Đống Đa,3.0,3.8,,,0,21.017649,105.830046,12500.0,208.33333333333331,,,5e958eea208d0d6d7648fda4,68,16.0,Mặt phố - Mặt đường,5e5501cbeb80a7245175e12a,Phường Trung Phụng
245,4937,38397,38397,38.0,,,5e5501caeb80a7245175dddb,Thành phố Hà Nội,5e5501caeb80a7245175de2c,Quận Đống Đa,5.0,3.5,,,0,21.017649,105.830046,5950.0,156.57894736842104,,,5e958eea208d0d6d7648fd66,34,5.0,Mặt phố - Mặt đường,5e5501cbeb80a7245175e11f,Phường Cát Linh
246,4940,38400,38400,75.0,,,5e5501caeb80a7245175dddb,Thành phố Hà Nội,5e5501caeb80a7245175de2c,Quận Đống Đa,8.0,5.1,,,0,21.0225776,105.8318544,28500.0,380.0,,,5e958eea208d0d6d7648fdcf,27,20.0,Mặt phố - Mặt đường,,
247,4953,38413,38413,38.0,,,5e5501caeb80a7245175dddb,Thành phố Hà Nội,5e5501caeb80a7245175de2c,Quận Đống Đa,5.0,3.5,,KXĐ,0,21.017649,105.830046,5950.0,156.57894736842104,,,5e958eea208d0d6d7648fd79,43,5.0,Mặt phố - Mặt đường,,
248,5105,38565,38565,48.0,,,5e5501caeb80a7245175dddb,Thành phố Hà Nội,5e5501caeb80a7245175de2c,Quận Đống Đa,6.0,4.5,,,0,21.017649,105.830046,26000.0,541.6666666666666,,,5e958eea208d0d6d7648fdd6,30,6.0,Mặt phố - Mặt đường,,
249,5106,38566,38566,125.0,,,5e5501caeb80a7245175dddb,Thành phố Hà Nội,5e5501caeb80a7245175de2c,Quận Đống Đa,7.0,5.6,,,0,21.0130853,105.8203773,57600.0,460.8,,,5e958eea208d0d6d7648fdd0,23,30.0,Mặt phố - Mặt đường,,
250,5124,38584,38584,30.0,,,5e5501caeb80a7245175dddb,Thành phố Hà Nội,5e5501caeb80a7245175de2c,Quận Đống Đa,3.0,3.6,,,0,20.995508800000003,105.8177232,5200.0,173.33333333333337,,,5e958eea208d0d6d7648fdc2,12,10.0,Mặt phố - Mặt đường,,
251,5147,38607,38607,40.0,,,5e5501caeb80a7245175dddb,Thành phố Hà Nội,5e5501caeb80a7245175de2c,Quận Đống Đa,4.0,10.0,,,0,21.017649,105.830046,12000.0,300.0,,,5e958eea208d0d6d7648fda8,70,30.0,Mặt phố - Mặt đường,,
252,5387,38847,38847,75.0,,,5e5501caeb80a7245175dddb,Thành phố Hà Nội,5e5501caeb80a7245175de2c,Quận Đống Đa,8.0,4.6,,,0,21.017649,105.830046,19000.0,253.33333333333331,,,5e958eea208d0d6d7648fda0,72,8.0,Mặt phố - Mặt đường,,
253,5406,38866,38866,53.0,,,5e5501caeb80a7245175dddb,Thành phố Hà Nội,5e5501caeb80a7245175de2c,Quận Đống Đa,7.0,5.0,,Tây-Nam,0,21.0103338,105.819484,24000.0,452.8301886792453,,,5e958eea208d0d6d7648fd90,60,10.0,Mặt phố - Mặt đường,,
254,5474,38934,38934,30.0,,7.0,5e5501caeb80a7245175dddb,Thành phố Hà Nội,5e5501caeb80a7245175de2c,Quận Đống Đa,7.0,3.0,,,1,21.0171067,105.8319264,5950.0,198.33333333333331,,,5e958eea208d0d6d7648fd6d,85,2.0,Mặt phố - Mặt đường,5e5501cbeb80a7245175e123,Phường Ô Chợ Dừa
255,5598,39058,39058,90.0,,,5e5501caeb80a7245175dddb,Thành phố Hà Nội,5e5501caeb80a7245175de2c,Quận Đống Đa,7.0,4.5,,,0,21.009967,105.823136,34000.0,377.77777777777777,,,5e958eea208d0d6d7648fd97,76,30.0,Mặt phố - Mặt đường,,
256,5604,39064,39064,112.0,,,5e5501caeb80a7245175dddb,Thành phố Hà Nội,5e5501caeb80a7245175de2c,Quận Đống Đa,4.0,5.0,,KXĐ,0,21.0092227,105.8143864,12800.0,114.28571428571428,,,5e958eea208d0d6d7648fdd5,29,3.0,Mặt phố - Mặt đường,,
257,5620,39080,39080,50.0,,,5e5501caeb80a7245175dddb,Thành phố Hà Nội,5e5501caeb80a7245175de2c,Quận Đống Đa,7.0,5.0,,Tây-Nam,0,21.0103338,105.819484,24000.0,480.0,,,5e958eea208d0d6d7648fd90,60,7.0,Mặt phố - Mặt đường,,
258,5636,39096,39096,34.0,,,5e5501caeb80a7245175dddb,Thành phố Hà Nội,5e5501caeb80a7245175de2c,Quận Đống Đa,4.0,3.5,,Đông-Nam,0,21.017649,105.830046,7500.0,220.5882352941176,,,5e958eea208d0d6d7648fdab,79,15.0,Mặt phố - Mặt đường,,
259,5654,39114,39114,56.0,,,5e5501caeb80a7245175dddb,Thành phố Hà Nội,5e5501caeb80a7245175de2c,Quận Đống Đa,5.0,4.3,,KXĐ,0,21.0092227,105.8143864,17500.0,312.5,,,5e958eea208d0d6d7648fdb3,4,10.0,Mặt phố - Mặt đường,,
260,5660,39120,39120,99.0,,6.0,5e5501caeb80a7245175dddb,Thành phố Hà Nội,5e5501caeb80a7245175de2c,Quận Đống Đa,5.0,4.0,,,1,21.0109454,105.8227055,14000.0,141.41414141414145,,,5e958eea208d0d6d7648fdd0,23,6.0,Mặt phố - Mặt đường,5e5501cbeb80a7245175e12c,Phường Trung Liệt
261,5764,39224,39224,45.0,,3.0,5e5501caeb80a7245175dddb,Thành phố Hà Nội,5e5501caeb80a7245175de2c,Quận Đống Đa,5.0,5.0,,,1,21.0216521,105.8010406,7654.0,170.0888888888889,,,5e958eea208d0d6d7648fd7d,46,5.0,Mặt phố - Mặt đường,5e5501cbeb80a7245175e122,Phường Láng Thượng
263,5799,39259,39259,60.0,,,5e5501caeb80a7245175dddb,Thành phố Hà Nội,5e5501caeb80a7245175de2c,Quận Đống Đa,7.0,4.5,,KXĐ,0,21.009967,105.823136,18000.0,300.0,,,5e958eea208d0d6d7648fd6b,87,7.0,Mặt phố - Mặt đường,,
264,6383,39843,39843,160.0,,,5e5501caeb80a7245175dddb,Thành phố Hà Nội,5e5501caeb80a7245175de2c,Quận Đống Đa,6.0,5.4,,KXĐ,0,21.017649,105.830046,59000.0,368.75,,,5e958eea208d0d6d7648fdd6,30,60.0,Mặt phố - Mặt đường,,
265,6421,39881,39881,98.0,,,5e5501caeb80a7245175dddb,Thành phố Hà Nội,5e5501caeb80a7245175de2c,Quận Đống Đa,6.0,4.3,,KXĐ,0,21.017649,105.830046,29000.0,295.9183673469388,,,5e958eea208d0d6d7648fdc8,18,24.0,Mặt phố - Mặt đường,,
266,6425,39885,39885,50.0,,,5e5501caeb80a7245175dddb,Thành phố Hà Nội,5e5501caeb80a7245175de2c,Quận Đống Đa,4.0,4.0,,KXĐ,0,21.0092227,105.8143864,5100.0,102.0,,,5e958eea208d0d6d7648fdd1,24,2.0,Mặt phố - Mặt đường,,
267,6517,39977,39977,30.0,,,5e5501caeb80a7245175dddb,Thành phố Hà Nội,5e5501caeb80a7245175de2c,Quận Đống Đa,4.0,4.0,,Đông-Bắc,0,21.0130853,105.8203773,7200.0,240.0,,,5e958eea208d0d6d7648fdd0,23,6.0,Mặt phố - Mặt đường,,
268,6518,39978,39978,143.0,,,5e5501caeb80a7245175dddb,Thành phố Hà Nội,5e5501caeb80a7245175de2c,Quận Đống Đa,7.0,7.2,,KXĐ,0,21.0130853,105.8203773,55700.0,389.5104895104895,,,5e958eea208d0d6d7648fdd0,23,30.0,Mặt phố - Mặt đường,,
269,6520,39980,39980,48.0,,,5e5501caeb80a7245175dddb,Thành phố Hà Nội,5e5501caeb80a7245175de2c,Quận Đống Đa,3.0,8.0,,KXĐ,0,21.017649,105.830046,,333.3333333333333,,,,-1,20.0,Mặt phố - Mặt đường,5e5501cbeb80a7245175e123,Phường Ô Chợ Dừa
270,6521,39981,39981,80.0,,,5e5501caeb80a7245175dddb,Thành phố Hà Nội,5e5501caeb80a7245175de2c,Quận Đống Đa,4.0,5.1,,KXĐ,0,21.017649,105.830046,23500.0,293.75,,,5e958eea208d0d6d7648fd92,64,20.0,Mặt phố - Mặt đường,,
271,6545,40005,40005,92.0,,,5e5501caeb80a7245175dddb,Thành phố Hà Nội,5e5501caeb80a7245175de2c,Quận Đống Đa,7.0,5.2,,KXĐ,0,21.0092227,105.8143864,13800.0,150.0,,,5e958eea208d0d6d7648fd9c,67,5.0,Mặt phố - Mặt đường,,
272,6549,40009,40009,134.0,,,5e5501caeb80a7245175dddb,Thành phố Hà Nội,5e5501caeb80a7245175de2c,Quận Đống Đa,7.0,6.5,,KXĐ,0,21.0130853,105.8203773,54300.0,405.22388059701484,,,5e958eea208d0d6d7648fdd0,23,30.0,Mặt phố - Mặt đường,,
273,6551,40011,40011,66.0,,,5e5501caeb80a7245175dddb,Thành phố Hà Nội,5e5501caeb80a7245175de2c,Quận Đống Đa,4.0,10.0,,KXĐ,0,21.0119555,105.8297784,28000.0,424.24242424242425,,,5e958eea208d0d6d7648fd76,42,6.0,Mặt phố - Mặt đường,,
274,6553,40013,40013,60.0,,,5e5501caeb80a7245175dddb,Thành phố Hà Nội,5e5501caeb80a7245175de2c,Quận Đống Đa,2.0,4.2,,Đông,0,21.017649,105.830046,6200.0,103.33333333333331,,,5e958eea208d0d6d7648fd80,49,40.0,Mặt phố - Mặt đường,,
275,6558,40018,40018,80.0,,,5e5501caeb80a7245175dddb,Thành phố Hà Nội,5e5501caeb80a7245175de2c,Quận Đống Đa,4.0,5.1,,KXĐ,0,21.017649,105.830046,23500.0,293.75,,,5e958eea208d0d6d7648fd92,64,20.0,Mặt phố - Mặt đường,,
276,6569,40029,40029,48.0,,,5e5501caeb80a7245175dddb,Thành phố Hà Nội,5e5501caeb80a7245175de2c,Quận Đống Đa,6.0,4.5,,KXĐ,0,21.017649,105.830046,20000.0,416.66666666666674,,,5e958eea208d0d6d7648fdd6,30,10.0,Mặt phố - Mặt đường,,
277,6570,40030,40030,75.0,,,5e5501caeb80a7245175dddb,Thành phố Hà Nội,5e5501caeb80a7245175de2c,Quận Đống Đa,7.0,4.0,,KXĐ,0,21.017649,105.830046,21800.0,266.6666666666667,,,5e958eea208d0d6d7648fdc1,11,8.0,Mặt phố - Mặt đường,,
278,6578,40038,40038,51.0,,,5e5501caeb80a7245175dddb,Thành phố Hà Nội,5e5501caeb80a7245175de2c,Quận Đống Đa,3.0,4.8,,KXĐ,0,21.019366899999998,105.80743819999999,8500.0,166.66666666666666,,,5e958eea208d0d6d7648fdca,19,5.0,Mặt phố - Mặt đường,,
279,6805,40265,40265,35.0,,,5e5501caeb80a7245175dddb,Thành phố Hà Nội,5e5501caeb80a7245175de2c,Quận Đống Đa,6.0,4.3,,KXĐ,0,21.017649,105.830046,3900.0,111.42857142857143,,,5e958eea208d0d6d7648fda8,70,2.0,Mặt phố - Mặt đường,,
280,6978,40438,40438,61.0,,,5e5501caeb80a7245175dddb,Thành phố Hà Nội,5e5501caeb80a7245175de2c,Quận Đống Đa,5.0,5.1,,KXĐ,0,21.0130853,105.8203773,36800.0,603.2786885245903,,,5e958eea208d0d6d7648fdd0,23,30.0,Mặt phố - Mặt đường,,
281,6993,40453,40453,30.0,,,5e5501caeb80a7245175dddb,Thành phố Hà Nội,5e5501caeb80a7245175de2c,Quận Đống Đa,6.0,3.2,,KXĐ,0,21.0092227,105.8143864,11000.0,366.66666666666674,,,,-1,20.0,Mặt phố - Mặt đường,5e5501cbeb80a7245175e132,Phường Ngã Tư Sở
282,7004,40464,40464,30.2,,,5e5501caeb80a7245175dddb,Thành phố Hà Nội,5e5501caeb80a7245175de2c,Quận Đống Đa,6.0,3.2,,KXĐ,0,21.009967,105.823136,11000.0,364.23841059602654,,,5e958eea208d0d6d7648fd97,76,20.0,Mặt phố - Mặt đường,,
283,7023,40483,40483,35.0,,4.0,5e5501caeb80a7245175dddb,Thành phố Hà Nội,5e5501caeb80a7245175de2c,Quận Đống Đa,6.0,4.0,,,1,21.005566,105.821674,3500.0,100.0,,,5e958eea208d0d6d7648fd9c,67,4.0,Mặt phố - Mặt đường,5e5501cbeb80a7245175e12e,Phường Thịnh Quang
284,7226,40686,40686,55.0,,,5e5501caeb80a7245175dddb,Thành phố Hà Nội,5e5501caeb80a7245175de2c,Quận Đống Đa,7.0,5.1,,KXĐ,0,21.0103338,105.819484,18700.0,340.0,,,5e958eea208d0d6d7648fd90,60,15.0,Mặt phố - Mặt đường,,
285,7238,40698,40698,70.0,,,5e5501caeb80a7245175dddb,Thành phố Hà Nội,5e5501caeb80a7245175de2c,Quận Đống Đa,7.0,5.0,,KXĐ,0,21.017649,105.830046,45000.0,642.8571428571429,,,5e958eea208d0d6d7648fdd6,30,50.0,Mặt phố - Mặt đường,,
286,7392,40852,40852,35.0,,,5e5501caeb80a7245175dddb,Thành phố Hà Nội,5e5501caeb80a7245175de2c,Quận Đống Đa,2.0,6.0,,KXĐ,0,21.017649,105.830046,13500.0,385.71428571428567,,,5e958eea208d0d6d7648fda8,70,10.0,Mặt phố - Mặt đường,,
287,7400,40860,40860,80.0,,,5e5501caeb80a7245175dddb,Thành phố Hà Nội,5e5501caeb80a7245175de2c,Quận Đống Đa,4.0,5.1,,KXĐ,0,21.017649,105.830046,22000.0,275.0,,,5e958eea208d0d6d7648fd6c,88,20.0,Mặt phố - Mặt đường,,
288,7404,40864,40864,50.0,,,5e5501caeb80a7245175dddb,Thành phố Hà Nội,5e5501caeb80a7245175de2c,Quận Đống Đa,4.0,4.0,,KXĐ,0,21.017649,105.830046,32000.0,640.0,,,5e958eea208d0d6d7648fdb4,2,15.0,Mặt phố - Mặt đường,,
289,7407,40867,40867,55.0,,,5e5501caeb80a7245175dddb,Thành phố Hà Nội,5e5501caeb80a7245175de2c,Quận Đống Đa,4.0,4.2,,KXĐ,0,21.017649,105.830046,31980.0,581.4545454545455,,,5e958eea208d0d6d7648fdb4,2,20.0,Mặt phố - Mặt đường,,
290,7411,40871,40871,50.0,,,5e5501caeb80a7245175dddb,Thành phố Hà Nội,5e5501caeb80a7245175de2c,Quận Đống Đa,4.0,4.0,,KXĐ,0,21.017649,105.830046,32000.0,333.3333333333333,,,5e958eea208d0d6d7648fdb4,2,20.0,Mặt phố - Mặt đường,,
291,7414,40874,40874,55.0,,,5e5501caeb80a7245175dddb,Thành phố Hà Nội,5e5501caeb80a7245175de2c,Quận Đống Đa,4.0,4.5,,KXĐ,0,21.0130853,105.8203773,6300.0,114.54545454545456,,,5e958eea208d0d6d7648fdd0,23,3.0,Mặt phố - Mặt đường,,
292,7486,40946,40946,47.0,,,5e5501caeb80a7245175dddb,Thành phố Hà Nội,5e5501caeb80a7245175de2c,Quận Đống Đa,4.0,7.5,,KXĐ,0,28.647889799999998,180.0,15500.0,329.78723404255317,,,5e958eea208d0d6d7648fd8c,56,20.0,Mặt phố - Mặt đường,,
293,7495,40955,40955,100.0,,,5e5501caeb80a7245175dddb,Thành phố Hà Nội,5e5501caeb80a7245175de2c,Quận Đống Đa,4.0,6.0,,KXĐ,0,21.0119555,105.8297784,28000.0,280.0,,,5e958eea208d0d6d7648fd76,42,15.0,Mặt phố - Mặt đường,,
294,7497,40957,40957,92.0,,,5e5501caeb80a7245175dddb,Thành phố Hà Nội,5e5501caeb80a7245175de2c,Quận Đống Đa,6.0,5.0,,KXĐ,0,21.0225776,105.8318544,21000.0,228.2608695652174,,,5e958eea208d0d6d7648fdcf,27,30.0,Mặt phố - Mặt đường,,
295,7504,40964,40964,110.0,,,5e5501caeb80a7245175dddb,Thành phố Hà Nội,5e5501caeb80a7245175de2c,Quận Đống Đa,5.0,4.5,,KXĐ,0,21.017649,105.830046,45000.0,409.09090909090907,,,5e958eea208d0d6d7648fdb4,2,20.0,Mặt phố - Mặt đường,,
297,7519,40979,40979,58.0,,,5e5501caeb80a7245175dddb,Thành phố Hà Nội,5e5501caeb80a7245175de2c,Quận Đống Đa,1.0,5.0,,KXĐ,0,21.017649,105.830046,14500.0,250.0,,,,-1,20.0,Mặt phố - Mặt đường,5e5501cbeb80a7245175e130,Phường Kim Liên
298,7520,40980,40980,100.0,,,5e5501caeb80a7245175dddb,Thành phố Hà Nội,5e5501caeb80a7245175de2c,Quận Đống Đa,2.0,4.2,,KXĐ,0,21.009967,105.823136,22950.0,229.5,,,5e958eea208d0d6d7648fd97,76,30.0,Mặt phố - Mặt đường,,
299,7522,40982,40982,58.0,,,5e5501caeb80a7245175dddb,Thành phố Hà Nội,5e5501caeb80a7245175de2c,Quận Đống Đa,1.0,5.0,,KXĐ,0,21.017649,105.830046,14500.0,250.0,,,5e958eea208d0d6d7648fdd6,30,20.0,Mặt phố - Mặt đường,,
300,7523,40983,40983,50.0,,,5e5501caeb80a7245175dddb,Thành phố Hà Nội,5e5501caeb80a7245175de2c,Quận Đống Đa,8.0,4.0,,KXĐ,0,21.0092227,105.8143864,11500.0,230.0,,,5e958eea208d0d6d7648fdd1,24,3.0,Mặt phố - Mặt đường,,
301,7524,40984,40984,40.0,,,5e5501caeb80a7245175dddb,Thành phố Hà Nội,5e5501caeb80a7245175de2c,Quận Đống Đa,6.0,6.2,,KXĐ,0,21.017649,105.830046,11000.0,275.0,,,5e958eea208d0d6d7648fda4,68,11.0,Mặt phố - Mặt đường,,
302,7578,41038,41038,100.0,,,5e5501caeb80a7245175dddb,Thành phố Hà Nội,5e5501caeb80a7245175de2c,Quận Đống Đa,3.0,4.3,,KXĐ,0,21.0092227,105.8143864,14000.0,140.0,,,5e958eea208d0d6d7648fd7d,46,40.0,Mặt phố - Mặt đường,,
303,7596,41056,41056,52.0,,,5e5501caeb80a7245175dddb,Thành phố Hà Nội,5e5501caeb80a7245175de2c,Quận Đống Đa,6.0,4.5,,KXĐ,0,21.017649,105.830046,26000.0,500.0,,,5e958eea208d0d6d7648fdd6,30,6.0,Mặt phố - Mặt đường,,
304,7631,41091,41091,77.0,,,5e5501caeb80a7245175dddb,Thành phố Hà Nội,5e5501caeb80a7245175de2c,Quận Đống Đa,8.0,5.2,,KXĐ,0,21.0225776,105.8318544,28000.0,363.6363636363636,,,5e958eea208d0d6d7648fdcf,27,32.0,Mặt phố - Mặt đường,,
305,7761,41221,41221,53.0,,,5e5501caeb80a7245175dddb,Thành phố Hà Nội,5e5501caeb80a7245175de2c,Quận Đống Đa,7.0,5.0,,Tây-Nam,0,21.017649,105.830046,24000.0,452.8301886792453,,,5e958eea208d0d6d7648fdbc,6,10.0,Mặt phố - Mặt đường,,
306,7791,41251,41251,116.0,,,5e5501caeb80a7245175dddb,Thành phố Hà Nội,5e5501caeb80a7245175de2c,Quận Đống Đa,8.0,9.0,,KXĐ,0,21.0130853,105.8203773,29000.0,250.0,,,5e958eea208d0d6d7648fdd0,23,4.0,Mặt phố - Mặt đường,,
307,7792,41252,41252,130.0,,,5e5501caeb80a7245175dddb,Thành phố Hà Nội,5e5501caeb80a7245175de2c,Quận Đống Đa,4.0,6.0,,KXĐ,0,21.0153717,105.8128851,59500.0,457.6923076923077,,,5e958eea208d0d6d7648fdc4,14,18.0,Mặt phố - Mặt đường,,
308,7893,41353,41353,60.0,,,5e5501caeb80a7245175dddb,Thành phố Hà Nội,5e5501caeb80a7245175de2c,Quận Đống Đa,7.0,5.0,,KXĐ,0,21.017649,105.830046,19500.0,325.0,,,5e958eea208d0d6d7648fdb4,2,15.0,Mặt phố - Mặt đường,,
309,7900,41360,41360,59.0,,,5e5501caeb80a7245175dddb,Thành phố Hà Nội,5e5501caeb80a7245175de2c,Quận Đống Đa,4.0,5.0,,KXĐ,0,21.0119555,105.8297784,,423.72881355932196,,,5e958eea208d0d6d7648fd76,42,15.0,Mặt phố - Mặt đường,,
310,7907,41367,41367,80.0,,,5e5501caeb80a7245175dddb,Thành phố Hà Nội,5e5501caeb80a7245175de2c,Quận Đống Đa,8.0,4.5,,KXĐ,0,21.017649,105.830046,19000.0,237.5,,,5e958eea208d0d6d7648fda0,72,15.0,Mặt phố - Mặt đường,,
311,7927,41387,41387,65.0,,,5e5501caeb80a7245175dddb,Thành phố Hà Nội,5e5501caeb80a7245175de2c,Quận Đống Đa,1.0,7.0,,KXĐ,0,21.017649,105.830046,16800.0,258.46153846153845,,,5e958eea208d0d6d7648fd96,65,20.0,Mặt phố - Mặt đường,,
312,7932,41392,41392,39.0,,,5e5501caeb80a7245175dddb,Thành phố Hà Nội,5e5501caeb80a7245175de2c,Quận Đống Đa,3.0,6.0,,Tây-Nam,0,21.0092227,105.8143864,6900.0,176.9230769230769,,,5e958eea208d0d6d7648fd7d,46,45.0,Mặt phố - Mặt đường,,
313,7987,41447,41447,86.0,,8.0,5e5501caeb80a7245175dddb,Thành phố Hà Nội,5e5501caeb80a7245175de2c,Quận Đống Đa,8.0,8.0,,,1,21.0174634,105.81313059999998,33000.0,383.7209302325582,,,5e958eea208d0d6d7648fd78,39,6.0,Mặt phố - Mặt đường,5e5501cbeb80a7245175e126,Phường Láng Hạ
314,8036,41496,41496,32.0,,,5e5501caeb80a7245175dddb,Thành phố Hà Nội,5e5501caeb80a7245175de2c,Quận Đống Đa,6.0,3.7,,Tây-Nam,0,21.017649,105.830046,14000.0,437.5,,,5e958eea208d0d6d7648fdce,22,8.0,Mặt phố - Mặt đường,,
315,8040,41500,41500,70.0,,,5e5501caeb80a7245175dddb,Thành phố Hà Nội,5e5501caeb80a7245175de2c,Quận Đống Đa,5.0,5.0,,KXĐ,0,21.017649,105.830046,35000.0,500.0,,,5e958eea208d0d6d7648fdd6,30,40.0,Mặt phố - Mặt đường,,
316,8066,41526,41526,50.0,,,5e5501caeb80a7245175dddb,Thành phố Hà Nội,5e5501caeb80a7245175de2c,Quận Đống Đa,5.0,5.0,,KXĐ,0,21.0130853,105.8203773,16000.0,320.0,,,5e958eea208d0d6d7648fdd0,23,20.0,Mặt phố - Mặt đường,,
317,8068,41528,41528,50.0,,,5e5501caeb80a7245175dddb,Thành phố Hà Nội,5e5501caeb80a7245175de2c,Quận Đống Đa,7.0,5.0,,Tây-Nam,0,21.0103338,105.819484,24000.0,480.0,,,5e958eea208d0d6d7648fd90,60,7.0,Mặt phố - Mặt đường,,
318,8070,41530,41530,140.0,,,5e5501caeb80a7245175dddb,Thành phố Hà Nội,5e5501caeb80a7245175de2c,Quận Đống Đa,5.0,9.0,,KXĐ,0,21.017649,105.830046,60000.0,428.57142857142856,,,5e958eea208d0d6d7648fdd6,30,40.0,Mặt phố - Mặt đường,,
319,8086,41547,41547,50.0,,,5e5501caeb80a7245175dddb,Thành phố Hà Nội,5e5501caeb80a7245175de2c,Quận Đống Đa,7.0,4.0,,KXĐ,0,21.0130853,105.8203773,16000.0,320.0,,,5e958eea208d0d6d7648fdd0,23,6.0,Mặt phố - Mặt đường,,
320,8111,41572,41572,60.0,,,5e5501caeb80a7245175dddb,Thành phố Hà Nội,5e5501caeb80a7245175de2c,Quận Đống Đa,7.0,4.5,,KXĐ,0,21.009967,105.823136,16500.0,275.0,,,5e958eea208d0d6d7648fd6b,87,7.0,Mặt phố - Mặt đường,,
321,8113,41574,41574,75.0,,,5e5501caeb80a7245175dddb,Thành phố Hà Nội,5e5501caeb80a7245175de2c,Quận Đống Đa,8.0,5.1,,KXĐ,0,21.0225776,105.8318544,28500.0,380.0,,,5e958eea208d0d6d7648fdcf,27,20.0,Mặt phố - Mặt đường,,
322,8114,41575,41575,89.0,,,5e5501caeb80a7245175dddb,Thành phố Hà Nội,5e5501caeb80a7245175de2c,Quận Đống Đa,1.0,4.8,,KXĐ,0,21.017649,105.830046,21500.0,241.5730337078652,,,5e958eea208d0d6d7648fdc1,11,12.0,Mặt phố - Mặt đường,,
323,8119,41580,41580,88.0,,,5e5501caeb80a7245175dddb,Thành phố Hà Nội,5e5501caeb80a7245175de2c,Quận Đống Đa,3.0,4.8,,KXĐ,0,21.0225776,105.8318544,19200.0,218.1818181818182,,,5e958eea208d0d6d7648fdcf,27,8.0,Mặt phố - Mặt đường,,
324,8124,41585,41585,67.0,,,5e5501caeb80a7245175dddb,Thành phố Hà Nội,5e5501caeb80a7245175de2c,Quận Đống Đa,7.0,6.0,,KXĐ,0,21.017649,105.830046,25000.0,373.13432835820885,,,5e958eea208d0d6d7648fdcd,20,10.0,Mặt phố - Mặt đường,,
325,8125,41586,41586,35.0,,,5e5501caeb80a7245175dddb,Thành phố Hà Nội,5e5501caeb80a7245175de2c,Quận Đống Đa,4.0,3.0,,KXĐ,0,21.028194600000006,105.8390746,8000.0,228.57142857142856,,,5e958eea208d0d6d7648fd8b,55,10.0,Mặt phố - Mặt đường,,
326,8186,41647,41647,118.0,,,5e5501caeb80a7245175dddb,Thành phố Hà Nội,5e5501caeb80a7245175de2c,Quận Đống Đa,3.0,10.0,,KXĐ,0,21.019366899999998,105.80743819999999,48000.0,406.77966101694915,,,5e958eea208d0d6d7648fd78,39,40.0,Mặt phố - Mặt đường,,
327,8190,41651,41651,91.0,,,5e5501caeb80a7245175dddb,Thành phố Hà Nội,5e5501caeb80a7245175de2c,Quận Đống Đa,4.0,6.0,,KXĐ,0,21.0130853,105.8203773,46000.0,505.49450549450546,,,5e958eea208d0d6d7648fdd0,23,50.0,Mặt phố - Mặt đường,,
328,8193,41654,41654,60.0,,,5e5501caeb80a7245175dddb,Thành phố Hà Nội,5e5501caeb80a7245175de2c,Quận Đống Đa,6.0,4.0,,KXĐ,0,21.017649,105.830046,29900.0,498.33333333333326,,,5e958eea208d0d6d7648fdb4,2,40.0,Mặt phố - Mặt đường,,
329,8195,41656,41656,110.0,,,5e5501caeb80a7245175dddb,Thành phố Hà Nội,5e5501caeb80a7245175de2c,Quận Đống Đa,1.0,5.0,,KXĐ,0,21.0225776,105.8318544,30500.0,277.27272727272725,,,5e958eea208d0d6d7648fdcf,27,50.0,Mặt phố - Mặt đường,,
330,8196,41657,41657,38.0,,,5e5501caeb80a7245175dddb,Thành phố Hà Nội,5e5501caeb80a7245175de2c,Quận Đống Đa,5.0,11.0,,KXĐ,0,21.017649,105.830046,11000.0,289.4736842105263,,,5e958eea208d0d6d7648fd6f,86,30.0,Mặt phố - Mặt đường,,
331,8199,41660,41660,51.0,,,5e5501caeb80a7245175dddb,Thành phố Hà Nội,5e5501caeb80a7245175de2c,Quận Đống Đa,4.0,4.2,,KXĐ,0,21.017649,105.830046,22000.0,431.3725490196079,,,5e958eea208d0d6d7648fdbc,6,8.0,Mặt phố - Mặt đường,,
332,8205,41666,41666,63.0,,,5e5501caeb80a7245175dddb,Thành phố Hà Nội,5e5501caeb80a7245175de2c,Quận Đống Đa,9.0,10.0,,KXĐ,0,21.017649,105.830046,22000.0,349.20634920634916,,,5e958eea208d0d6d7648fd9f,71,12.0,Mặt phố - Mặt đường,,
333,8212,41673,41673,81.0,,,5e5501caeb80a7245175dddb,Thành phố Hà Nội,5e5501caeb80a7245175de2c,Quận Đống Đa,4.0,4.0,,KXĐ,0,21.019366899999998,105.80743819999999,25000.0,308.64197530864203,,,5e958eea208d0d6d7648fdb5,3,40.0,Mặt phố - Mặt đường,,
334,8227,41688,41688,88.0,,,5e5501caeb80a7245175dddb,Thành phố Hà Nội,5e5501caeb80a7245175de2c,Quận Đống Đa,6.0,5.0,,KXĐ,0,21.0092227,105.8143864,21300.0,242.04545454545453,,,5e958eea208d0d6d7648fd99,66,25.0,Mặt phố - Mặt đường,,
335,8229,41690,41690,50.0,,,5e5501caeb80a7245175dddb,Thành phố Hà Nội,5e5501caeb80a7245175de2c,Quận Đống Đa,7.0,5.1,,Tây-Nam,0,21.0103338,105.819484,24000.0,480.0,,,5e958eea208d0d6d7648fd90,60,10.0,Mặt phố - Mặt đường,,
336,8230,41691,41691,60.0,,,5e5501caeb80a7245175dddb,Thành phố Hà Nội,5e5501caeb80a7245175de2c,Quận Đống Đa,6.0,4.0,,KXĐ,0,21.017649,105.830046,29900.0,498.33333333333326,,,5e958eea208d0d6d7648fdb4,2,40.0,Mặt phố - Mặt đường,,
338,8232,41693,41693,80.0,,,5e5501caeb80a7245175dddb,Thành phố Hà Nội,5e5501caeb80a7245175de2c,Quận Đống Đa,8.0,4.5,,KXĐ,0,21.017649,105.830046,18000.0,225.0,,,5e958eea208d0d6d7648fda0,72,30.0,Mặt phố - Mặt đường,,
339,8235,41696,41696,140.0,,,5e5501caeb80a7245175dddb,Thành phố Hà Nội,5e5501caeb80a7245175de2c,Quận Đống Đa,4.0,8.0,,KXĐ,0,21.017649,105.830046,35000.0,250.0,,,5e958eea208d0d6d7648fdce,22,20.0,Mặt phố - Mặt đường,,
340,8237,41698,41698,90.0,,,5e5501caeb80a7245175dddb,Thành phố Hà Nội,5e5501caeb80a7245175de2c,Quận Đống Đa,5.0,4.0,,Tây-Nam,0,21.0092227,105.8143864,26000.0,288.8888888888889,,,5e958eea208d0d6d7648fdd2,26,25.0,Mặt phố - Mặt đường,,
341,8241,41702,41702,102.0,,,5e5501caeb80a7245175dddb,Thành phố Hà Nội,5e5501caeb80a7245175de2c,Quận Đống Đa,5.0,5.1,,KXĐ,0,21.017649,105.830046,15810.0,155.0,,,5e958eea208d0d6d7648fd6d,85,11.0,Mặt phố - Mặt đường,,
343,8243,41704,41704,136.0,,,5e5501caeb80a7245175dddb,Thành phố Hà Nội,5e5501caeb80a7245175de2c,Quận Đống Đa,3.0,5.1,,Đông-Nam,0,21.0225776,105.8318544,36720.0,270.0,,,5e958eea208d0d6d7648fdcf,27,12.0,Mặt phố - Mặt đường,,
344,8245,41706,41706,50.0,,,5e5501caeb80a7245175dddb,Thành phố Hà Nội,5e5501caeb80a7245175de2c,Quận Đống Đa,4.0,5.0,,KXĐ,0,21.017649,105.830046,15000.0,300.0,,,5e958eea208d0d6d7648fdce,22,30.0,Mặt phố - Mặt đường,,
